back	BackpackLeatherBedroll	铺盖卷皮革背包
back	BundleSticks	柴捆
back	BundleStraw	干草捆
back	CapeClothBirchLower	下段桦木布短披风
back	Cloak	斗篷
back	CloakClothFlared	外张布斗篷
back	CloakClothLong	长布斗篷
back	CloakClothLongFancy	华丽长布斗篷
back	CloakClothRagged	破烂布斗篷
back	CloakClothShort	短布斗篷
back	CloakClothShortSimple	简约短布斗篷
back	CloakClothTwotailed	双尾布斗篷
back	CloakDoomsayer	末日预言者斗篷
back	CloakFurLined	毛皮内衬斗篷
back	CloakLeatherScaled	覆鳞皮革斗篷
back	CloakLeatherScalemaw	鳞颚兽皮革斗篷
back	CloakSoftTrimmedStrider	疾行者镶饰柔软斗篷
back	CoatLeatherLower	下段皮革外套
back	WingsBoneLeatherTattered	褴褛皮革骨翼
base	Metal	金属
base	MetalWater	金属（水面）
base	WoodWater	木（水面）
chest	BandedLeatherStudded	镶钉束带皮甲
chest	BandedMetalPlated	镀面束带金属甲
chest	BlouseClothNecklace	项链布罩衫
chest	BreastplateMetalCorpuleth	尸团怪金属胸甲
chest	BreastplateMetalFeminineFancy	华丽阴柔金属胸甲
chest	BrigandineFine	精良布面甲
chest	ChainHeavySuperior	卓越重型锁子甲
chest	ChainMetalHeavy1	重型金属锁子甲 1
chest	ClothLayeredShirts	层叠布衬衫
chest	ClothLayeredTrimmed	镶饰层叠布衣
chest	ClothRags	破布衣
chest	ClothTornShirt	破洞布衬衫
chest	ClothTornStrappedShirt	绑带破洞布衬衫
chest	DressClothStola	布斯托拉长裙
chest	DressClothStolaSleeveless	无袖布斯托拉长裙
chest	Fungal	菌质覆体
chest	FurCloak	毛皮斗篷
chest	GambesonPadded	衬垫缉甲衣
chest	GambesonPaddedReinforced	加固衬垫缉甲衣
chest	HeavyBoneArmor	重型骨护甲
chest	HideHeavyCollared	带领重型兽皮甲
chest	JacketLeatherTattered	褴褛皮革夹克
chest	JerkinLeatherEmbossed	压纹皮革皮外衣
chest	LightBoneArmor	轻型骨护甲
chest	MantleClothFrayed	毛边布披氅
chest	PlateCoral	珊瑚板甲
chest	PlateHalfFine	精良半板甲
chest	PlateHeavyDecorated	装饰重型板甲
chest	PlateHeavyLumek	卢梅克重型板甲
chest	PlateHeavyTayan	塔扬重型板甲
chest	PlateHeavyWaerd	瓦尔德重型板甲
chest	PlateMetalBurnishedHand	手工抛光金属板甲
chest	RingMailFine	精良环甲
chest	Robe	长袍
chest	RobeClothAgrimage	农艺法师布长袍
chest	RobesClothLayered	层叠布长袍
chest	RobesWarden	守林者长袍
chest	RopesSodden	浸水绳索
chest	ScalemailSuperior	卓越鳞甲
chest	ShirtClothAgrimage	农艺法师布衬衫
chest	ShirtClothDraped	垂坠布衬衫
chest	ShirtClothLaced	系带布衬衫
chest	ShirtClothOpen	敞开布衬衫
chest	ShirtClothPatternedWavy	波浪纹样布衬衫
chest	ShirtClothSimple1	简约布衬衫 1
chest	ShirtClothSimple2	简约布衬衫 2
chest	ShirtDoubleBreasted	双排扣衬衫
chest	ShirtLeatherOaken	橡木皮革衬衫
chest	ShirtLeatherStrapped	绑带皮革衬衫
chest	ShirtReinforcedOaken	橡木加固衬衫
chest	ShirtSilkFrilled	褶边丝衬衫
chest	ShirtStuddedReinforced	加固镶钉衬衫
chest	ShouldersMetalOaken	橡木金属护肩
chest	SplintMetalCommon	寻常金属夹板甲
chest	SplintMetalFancy	华丽金属夹板甲
chest	SplintRiveted	铆钉夹板甲
chest	StrapsLeatherRagged	破烂皮革束带
chest	StuddedLeatherStrapped	绑带镶钉皮甲
chest	TatteredLayeredMail	褴褛层叠锁甲
chest	TogaClothFull	全布托加袍
chest	TogaClothLeft	左布托加袍
chest	TogaClothRight	右布托加袍
chest	TogaClothRightNecklace	右布托加袍配项链
chest	TopSilkLooped	环扣丝上装
chest	TopSilkLow	低领丝上装
chest	TunicBreastplateSpikedLeft	左尖刺胸甲束腰衣
chest	TunicSilkFull	全丝束腰衣
chest	TunicSilkLeft	左丝束腰衣
chest	TunicSilkRight	右丝束腰衣
chest	VestClothSailor	水手布背心
chest	VestClothSimple1	简约布背心 1
chest	VestLeatherFeminineFancy	华丽阴柔皮革背心
chest	VestSilkFeminine	阴柔丝背心
chest	VestSilkMasculine	阳刚丝背心
chest	WrapCloth1	布缠裹 1
chest	WrapCloth2	布缠裹 2
chest+helm+wrist	Stone	石质
chest+pauldron	PlateMetalHeavy1	重型金属板甲 1
chest+pauldron	PlateMetalHeavy2	重型金属板甲 2
chest+pauldron	PlateMetalHeavy3	重型金属板甲 3
chest+pauldron	PlateMetalHeavy4	重型金属板甲 4
chest+sleeve	PaddedClothQuilted	绗缝衬垫布
eyebrows	None	无
eyes	Default	默认
eyes	Resting	静置
eyewear	BandageClothFull	全布绷带
eyewear	BandageClothHalf	半布绷带
eyewear	BlindfoldCloth	布蒙眼罩
eyewear	BlindfoldClothFancy	华丽布蒙眼罩
eyewear	BlindfoldClothThin	薄布蒙眼罩
eyewear	EyepatchLeatherLeft	左皮革眼罩
eyewear	EyepatchLeatherRight	右皮革眼罩
eyewear	GlassesMetalInspection1	检视金属眼镜 1
eyewear	GlassesMetalInspection2	检视金属眼镜 2
eyewear	GlassesMetalOval	椭圆金属眼镜
eyewear	GogglesLeatherRound	圆皮革护目镜
eyewear	MaskLeatherVigilante	义警皮革面具
eyewear	VeilClothFancy	华丽布面纱
eyewear	VeilClothPlain	素面布面纱
eyewear	VeilClothTorn	破洞布面纱
eyewear	VeilClothTornOpaque	不透光破洞布面纱
footwear	BootClothWrapped	缠绕布长靴
footwear	BootLeatherCuffed	翻边皮革长靴
footwear	BootLeatherFurLined	毛皮内衬皮革长靴
footwear	BootMetalPlate	金属板甲长靴
footwear	SandalClothFancy	华丽布凉鞋
footwear	SandalOpen	露趾凉鞋
footwear	ShoeClothPlain	素面布鞋
footwear	SlipperClothFancy	华丽布便鞋
front	Flag1A	旗 1A
front	Flag1B	旗 1B
front	Flag1C	旗 1C
front	Flag1D	旗 1D
front	Flag1E	旗 1E
front	Flag2A	旗 2A
front	Flag2B	旗 2B
front	Flag2C	旗 2C
front	Flag2D	旗 2D
front	Flag2E	旗 2E
front	Flag2F	旗 2F
front	Flag3A	旗 3A
front	Flag3B	旗 3B
front	Flag3C	旗 3C
front	Flag3D	旗 3D
front	Flag3E	旗 3E
front	Flag3F	旗 3F
front	Shield1A	盾牌 1A
front	Shield1B	盾牌 1B
front	Shield1C	盾牌 1C
front	Shield1D	盾牌 1D
front	Shield1E	盾牌 1E
front	Shield2A	盾牌 2A
front	Shield2B	盾牌 2B
front	Shield2C	盾牌 2C
front	Shield2D	盾牌 2D
front	Shield2E	盾牌 2E
front	Shield3A	盾牌 3A
front	Shield3B	盾牌 3B
front	Shield3C	盾牌 3C
front	Shield3D	盾牌 3D
front	Shield3E	盾牌 3E
front	Shield4A	盾牌 4A
front	Shield4B	盾牌 4B
front	Shield4C	盾牌 4C
front	Shield4D	盾牌 4D
front	Shield4E	盾牌 4E
header	Crystal	水晶
header	Orb	法珠
helm	Bony	嶙峋骨盔
helm	BrokenBone	断骨
helm	CapClothSun	遮阳布便帽
helm	Feathers	羽饰
helm	FungalHorns	菌质角
helm	HaloGlow	辉光光环
helm	HatAgrimage	农艺法师帽
helm	HatArcturian	阿克图里安帽
helm	HatBambooRound	竹斗笠
helm	HatClothCircular	圆形布帽
helm	HatClothDrapedFlat	平顶垂坠布帽
helm	HatClothDrapedPoint	尖顶垂坠布帽
helm	HatClothDrapedTail	垂尾布帽
helm	HatFurredBejak	贝雅克覆毛帽
helm	HatLeatherFurLined	毛皮内衬皮革帽
helm	HatMetalMiner	矿工金属帽
helm	HatMetalMinerLamp	带灯矿工金属帽
helm	HatTravel	旅行帽
helm	HeadbandClothFancy	华丽布头带
helm	HeadbandClothSimple	简约布头带
helm	HeadbandSailor	水手头带
helm	HeadbandSailor2	水手头带 2
helm	HeadwrapCloth	布头巾
helm	HeadwrapClothBandaged	包扎布头巾
helm	HelmCoral	珊瑚头盔
helm	HelmFullTayan	塔扬全罩头盔
helm	HelmOpenTayan	塔扬敞开头盔
helm	HelmOtherhood	幸运异姊会头盔
helm	HelmOtherhoodMasked	覆面幸运异姊会头盔
helm	HelmSpikdedWaerd	瓦尔德尖刺头盔
helm	HelmSteelBoarFancy	华丽野猪钢头盔
helm	HelmSteelDomed	穹顶钢头盔
helm	HelmSteelFullClosed	闭合全罩钢头盔
helm	HelmSteelFullHorned	有角全罩钢头盔
helm	HelmSteelFullOpen	敞开全罩钢头盔
helm	HelmSteelKettle	壶形钢头盔
helm	HelmSteelLayered	层叠钢头盔
helm	HelmSteelLumek	卢梅克钢头盔
helm	HelmSteelNosed	尖鼻钢头盔
helm	HelmSteelNosedFancy	华丽尖鼻钢头盔
helm	HelmSteelWinged	带翼钢头盔
helm	HelmSteelWingedFancy	华丽带翼钢头盔
helm	HoodClothOpen1	敞开布兜帽 1
helm	HoodClothOpen2	敞开布兜帽 2
helm	HoodClothRound	圆布兜帽
helm	HoodDomino	多米诺兜帽
helm	HoodDoomsayer	末日预言者兜帽
helm	HoodFurredBejak	贝雅克覆毛兜帽
helm	HoodJeweledFullKithil	基希尔全覆宝石兜帽
helm	HoodJeweledKithil	基希尔宝石镶嵌兜帽
helm	HoodOrnateKithil	基希尔华饰兜帽
helm	HoodOrnateStrider	疾行者华饰兜帽
helm	HoodStarmage	星法师兜帽
helm	HornedSkull	有角颅骨
helm	MaskClothDiamond	钻石布面具
helm	MaskClothLower	下段布面具
helm	MaskDoomsayer	末日预言者面具
helm	MaskFeline	猫形面具
helm	MaskFullDoomsayer	末日预言者全罩面具
helm	MaskLeatherAlchemist	炼金术士皮革面具
helm	MaskLeatherBreather	呼吸器皮革面具
helm	MaskLeatherDiamond	钻石皮革面具
helm	MaskLeatherDiamondStripe	条纹钻石皮革面具
helm	MetalBattered	打损金属盔
helm	MetalCoif	金属锁甲头罩
helm	MetalCoifDirtied	污渍金属锁甲头罩
helm	MetalLayeredDirtied	污渍层叠金属盔
helm	MetalRoundSpiked	尖刺圆金属盔
helm	SkullBoneLion	狮骨颅骨
helm	SkullBoneLionMutated	变异狮骨颅骨
helm	SkullBoneScalemawBroken	断裂鳞颚兽骨颅骨
helm	SkullBoneScalemawFull	完整鳞颚兽骨颅骨
helm	TurbanClothBeadsFancy	华丽串珠布缠头巾
helm	TurbanClothOtherhood	幸运异姊会布缠头巾
helm	TurbanClothPlain	素面布缠头巾
helm	WrapClothFull	全布缠裹
item	AxeBattleSteelShoddy	粗糙钢战斧
item	AxeBattleSteelStandard	标准钢战斧
item	AxeBattleSuperior	卓越战斧
item	AxeGreatSteelStandard	标准钢巨斧
item	AxeHandStandard	标准手斧
item	AxeHandSuperior	卓越手斧
item	AxeLongSteelSuperior	卓越钢长斧
item	AxeSteelHeavyFine	精良重型钢斧
item	AxeStoneStandard	标准石斧
item	BagCloth	布袋
item	BowLongOrnateFine	精良华饰长弓
item	BowLongStandard	标准长弓
item	BowLongSuperior	卓越长弓
item	BowShortSuperior	卓越短弓
item	BowShortWoodenStandard	标准木制短弓
item	BowlWoodenEmpty	空木碗
item	BowlWoodenGrain	盛谷木碗
item	BowlWoodenWater	盛水木碗
item	ClubGreatStandard	标准巨棒
item	ClubGreatSuperior	卓越巨棒
item	ClubSpikedShoddy	粗糙尖刺棍棒
item	ClubSteelStandard	标准钢棍棒
item	ClubStoneStandard	标准石棍棒
item	ClubStuddedStandard	标准镶钉棍棒
item	ClubToothedStandard	标准带齿棍棒
item	CrossbowHandStandard	标准手弩
item	CrossbowHeavyStandard	标准重型弩
item	CuttersSteelStandard	标准钢剪钳
item	DaggerSteelStandard	标准钢匕首
item	DaggerSuperior	卓越匕首
item	FlailSteelStandard	标准钢链枷
item	GlaiveStandard	标准长柄刀
item	HalberdStandard	标准戟
item	HalberdSteelShoddy	粗糙钢戟
item	HammerCrystaline	晶质锤
item	HammerPoleSteelFine	精良钢长柄锤
item	HammerSteelSmithing	锻造钢锤
item	HammerWarLightStandard	标准轻战锤
item	HammerWarStandard	标准战锤
item	JavelinSuperior	卓越标枪
item	KatanaStandard	标准武士刀
item	Lantern	提灯
item	MaceFlangedFine	精良凸棱硬头锤
item	MaceLightStandard	标准轻型硬头锤
item	MaceSuperior	卓越硬头锤
item	MaceWickedShoddy	粗糙邪祟硬头锤
item	MaulBronzeShoddy	粗糙青铜巨槌
item	MaulStandard	标准巨槌
item	MorningstarSteelStandard	标准钢钉头锤
item	MorningstarSuperior	卓越钉头锤
item	PickSteelStandard	标准钢镐
item	PickStoneSuperior	卓越石镐
item	RapierSteelStandard	标准钢细剑
item	RodSteelOrnateFine	精良华饰钢短杖
item	ScimitarOrnateStandard	标准华饰弯刀
item	ScimitarWickedShoddy	粗糙邪祟弯刀
item	ScimitarWickedStandard	标准邪祟弯刀
item	ScrollRolled	卷起卷轴
item	ScrollUnrolled	展开卷轴
item	ShieldBucklerBronzeStandard	标准青铜小圆盾
item	ShieldBucklerSteelStandard	标准钢小圆盾
item	ShieldHeaterSteelStandard	标准钢熨斗盾
item	ShieldKiteSteelStandard	标准钢鸢形盾
item	ShieldLightSteelStandard	标准钢轻盾
item	ShieldRoundOrnateFine	精良华饰圆盾
item	ShovelSteelShoddy	粗糙钢铲
item	SickleSteelStandard	标准钢镰刀
item	SickleWarBronzeShoddy	粗糙青铜战镰
item	SlingStandard	标准投石索
item	SpearSteelStandard	标准钢矛
item	SpearStoneStandard	标准石矛
item	SpellSimpleGlow	简约施法辉光
item	SpellSmallFlame	小型施法火焰
item	SpellbookClosed	闭合法术书
item	SpellbookOpen1	敞开法术书 1
item	SpellbookOpen2	敞开法术书 2
item	StaffBranchStandard	标准枝条长杖
item	StaffCappedFine	精良覆顶长杖
item	StaffHookedStandard	标准带钩长杖
item	StaffOrbStandard	标准法珠长杖
item	StaffSteelOrbSuperior	卓越法珠钢长杖
item	StaffWarden	守林者长杖
item	SwordLongSteelShoddy	粗糙钢长剑
item	SwordLongSteelStandard	标准钢长剑
item	SwordLongSuperior	卓越长剑
item	SwordShortBronzeStandard	标准青铜短剑
item	SwordShortStandard	标准短剑
item	SwordShortSteelFine	精良钢短剑
item	SwordShortSteelShoddy	粗糙钢短剑
item	SwordStandard	标准剑
item	TorchLitPlain	素面点燃火把
item	TorchUnlitPlain	素面未燃火把
item	TridentOrnateFine	精良华饰三叉戟
item	TridentSteelStandard	标准钢三叉戟
item	TridentSuperior	卓越三叉戟
item	WandDoomsayer	末日预言者魔杖
item	WhipStandard	标准长鞭
itemB	Arm	臂
itemB	BladeArm	刃臂
itemB	BowLongFancy	华丽长弓
itemB	BowLongFancyQuiver	华丽长弓配箭袋
itemB	FlameThrower	火焰喷射器
itemB	GlaiveMetal1	金属长柄刀 1
itemB	GreatclubBoneSpiked	尖刺骨巨棒
itemB	GreatswordMetal1	金属巨剑 1
itemB	JugClay	陶壶
itemB	LongswordMetal1	金属长剑 1
itemB	LyreMetalFancy	华丽金属里拉琴
itemB	MandolinWoodenFancy	华丽木制曼陀林
itemB	MissilePod	导弹发射巢
itemB	PickMetalMining	采矿金属镐
itemB	Quiver	箭袋
itemB	QuiverLeatherLong	长皮革箭袋
itemB	QuiverLeatherShort	短皮革箭袋
itemB	ScytheMetal1	金属长柄镰 1
itemB	ShieldMetalHeater	金属熨斗盾
itemB	ShieldRoundMetal	金属圆盾
itemB	ShieldWoodenRound	木制圆盾
itemB	SpikedBackbones	尖刺脊骨
itemB	StaffWoodenCindaric	辛达里克木制长杖
itemB	StaffWoodenNatural	原生木制长杖
itemB	TorchLargeLit	点燃大火把
itemB	TridentMetalCommon	寻常金属三叉戟
itemB	TridentMetalOrnate	华饰金属三叉戟
itemB+itemW	BasketWovenEmpty	空编织篮
itemB+itemW	BasketWovenPlants	草木编织篮
itemB+itemW	ShortswordMetal1	金属短剑 1
itemW	BookLeatherTome	皮革典籍
itemW	ClubBoneCudgel	骨短棒
itemW	ClubBoneMace	骨硬头锤
itemW	HatchetMetal1	金属手斧 1
itemW	PickMetalMiner	矿工金属镐
itemW	PouchLeatherRound	圆皮革小袋
itemW	QuiverLeatherArrows	带箭皮革箭袋
itemW	SickleMetal1	金属镰刀 1
neck	ApronLeatherTools	工具皮革围裙
neck	BandolierLeatherPotions	药水皮革弹药带
neck	CapeClothBirch	桦木布短披风
neck	CapeClothOrnate	华饰布短披风
neck	CloakClothShoulders	及肩布斗篷
neck	CloakClothSimple	简约布斗篷
neck	CloakSweeping	曳地斗篷
neck	CloakSweepingOrnate	华饰曳地斗篷
neck	CoatLeatherUpper	上段皮革外套
neck	CollarClothAgrimage	农艺法师布领饰
neck	CollarClothOtherhood	幸运异姊会布领饰
neck	CollarClothRound	圆布领饰
neck	CollarClothSerrated	锯齿布领饰
neck	CollarFurDense	厚密毛皮领饰
neck	CollarFurLined	毛皮内衬领饰
neck	CollarMetalChainmail	锁子甲金属领饰
neck	CollarPadded	衬垫领饰
neck	CordClothDraped	垂坠布束绳
neck	FeatheredMantle	羽饰披氅
neck	HoodClothDown1	垂下布兜帽 1
neck	HoodClothDown2	垂下布兜帽 2
neck	HoodClothLower	下段布兜帽
neck	MantleFeatheredStrider	疾行者羽饰披氅
neck	MantleJeweledSerethus	塞雷苏斯宝石镶嵌披氅
neck	MantleLeatherScaled	覆鳞皮革披氅
neck	MantleLeatherScalemaw	鳞颚兽皮革披氅
neck	MantleSilkFlowingEthereal	以太飘垂丝披氅
neck	MantleSilkFlowingFancy	华丽飘垂丝披氅
neck	MantleStarmage	星法师披氅
neck	NecklaceBeaded	串珠项链
neck	NecklaceBeadedBejak	贝雅克串珠项链
neck	NecklaceBoneTeethSmall	小骨齿项链
neck	NecklaceClothDraped	垂坠布项链
neck	NecklaceMetalChainsHeavy	重型锁链金属项链
neck	NecklaceMetalCircles	圆环金属项链
neck	NecklaceMetalIntricateHeavy	重型精巧金属项链
neck	NecklaceMetalOval	椭圆金属项链
neck	NecklaceMetalRingedThin	细环金属项链
neck	NecklaceStoneAmulet	石护符项链
neck	ScarfClothOtherhood	幸运异姊会布围巾
neck	ScarfClothTied	系结布围巾
neck	ScarfClothTorn	破洞布围巾
neck	ShawlClothButton	纽扣布披肩
neck	ShawlClothCindaric	辛达里克布披肩
neck	ShawlClothCindaricFancy	华丽辛达里克布披肩
neck	ShawlClothNecklace	项链布披肩
neck	ShawlClothRays	光芒布披肩
neck	ShawlClothStrider	疾行者布披肩
neck	ShoulderStrapped	绑带披肩
neck	TartanClothDraped	垂坠格纹布巾
pants	GreavesSteelBackward	钢胫甲后撤
pants	GreavesSteelForward	钢胫甲前跨
pants	GreavesSteelNeutral	钢胫甲常态
pants	GreavesSteelSitting	钢胫甲坐姿
pants	MetalSpikedAction	尖刺金属裤（动作）
pants	PaddedBackward	衬垫裤后撤
pants	PaddedForward	衬垫裤前跨
pants	PaddedNeutral	衬垫裤常态
pants	PaddedSitting	衬垫裤坐姿
pants	PlateBackward	板甲裤后撤
pants	PlateForward	板甲裤前跨
pants	PlateNeutral	板甲裤常态
pants	PlateSitting	板甲裤坐姿
pants	RippedClothBackward	撕裂布裤后撤
pants	RippedClothForward	撕裂布裤前跨
pants	RippedClothNeutral	撕裂布裤常态
pants	RippedClothSitting	撕裂布裤坐姿
pants	ShortsBackward	短裤后撤
pants	ShortsForward	短裤前跨
pants	ShortsNeutral	短裤常态
pants	ShortsSitting	短裤坐姿
pants	StuddedBackward	镶钉裤后撤
pants	StuddedForward	镶钉裤前跨
pants	StuddedNeutral	镶钉裤常态
pants	StuddedSitting	镶钉裤坐姿
pants	TrousersClothBackward	布长裤后撤
pants	TrousersClothForward	布长裤前跨
pants	TrousersClothNeutral	布长裤常态
pants	TrousersClothSitting	布长裤坐姿
pants	TrousersLeatherBackward	皮革长裤后撤
pants	TrousersLeatherForward	皮革长裤前跨
pants	TrousersLeatherNeutral	皮革长裤常态
pants	TrousersLeatherSitting	皮革长裤坐姿
pants	WorkClothBackward	工作布裤后撤
pants	WorkClothForward	工作布裤前跨
pants	WorkClothNeutral	工作布裤常态
pants	WorkClothSitting	工作布裤坐姿
pauldron	ArmorBoneMandible	颚骨护甲
pauldron	ArmorFurWolfFancy	华丽狼毛皮护甲
pauldron	ArmorLeatherStrapped	绑带皮革护甲
pauldron	ArmorLeatherStuddedLarge	大镶钉皮革护甲
pauldron	ArmorLeatherStuddedSmall	小镶钉皮革护甲
pauldron	Bone	骨肩甲
pauldron	BoneHeavy	重型骨肩甲
pauldron	CloakClothCindaric	辛达里克布斗篷
pauldron	CloakClothShoulder	布斗篷肩片
pauldron	Fungi1	菌类肩饰 1
pauldron	Fungi2	菌类肩饰 2
pauldron	FurFullBejak	贝雅克全毛皮肩甲
pauldron	FurPartialBejak	贝雅克半覆毛皮肩甲
pauldron	FurRimmedBejak	贝雅克镶边毛皮肩甲
pauldron	Heavy1	重型肩甲 1
pauldron	HeavySuperiorTayan	塔扬卓越重型肩甲
pauldron	Intricate1	精巧肩甲 1
pauldron	LeatherBejak	贝雅克皮革肩甲
pauldron	LizardSkull	蜥颅骨
pauldron	MantleClothAgrimage	农艺法师布披氅
pauldron	MantleClothCindaric	辛达里克布披氅
pauldron	MantleClothDraped	垂坠布披氅
pauldron	MantleClothLined1	内衬布披氅 1
pauldron	MantleClothLined2	内衬布披氅 2
pauldron	MetalLayeredLarge	大层叠金属肩甲
pauldron	MetalScallopedLarge	大扇贝纹金属肩甲
pauldron	Mushrooms	蘑菇肩饰
pauldron	PauldronBoneWaerd	瓦尔德骨肩甲
pauldron	PauldronScaleOaken	橡木鳞片肩甲
pauldron	PeltFurThick	厚毛皮
pauldron	PlateCoralHeavy	重型珊瑚板甲
pauldron	PlateCoralLight	轻型珊瑚板甲
pauldron	PlateHeavyFine	精良重型板甲
pauldron	PlateHeavySuperior	卓越重型板甲
pauldron	PlateMetalHeavy5	重型金属板甲 5
pauldron	PlateMetalHeavy6	重型金属板甲 6
pauldron	PlateMetalHeavyFurLined	毛皮内衬重型金属板甲
pauldron	PlateMetalHeavyOrnate	华饰重型金属板甲
pauldron	SashCommon	寻常饰带
pauldron	SashOrnate	华饰饰带
pauldron	ShawlClothHalfRays	半幅光芒布披肩
pauldron	ShoulderFurInner	毛皮内衬肩饰
pauldron	SuspendersLeatherBoth	双侧皮革背带
pauldron	Wooden1	木制肩甲 1
pole	Gothic	哥特
pole	Plain	素面
sleeve	ChainmailMetalShort	短金属锁子甲袖
sleeve	ClothAgrimageShort	短农艺法师布袖
sleeve	ClothBandedShort	短束带布袖
sleeve	ClothPatternedThinShort	短薄纹样布袖
sleeve	ClothPatternedWavyShort	短波浪纹样布袖
sleeve	ClothRobeLarge	大布长袍袖
sleeve	ClothRobeShort	短布长袍袖
sleeve	ClothSimpleLong	长简约布袖
sleeve	ClothSimpleShort	短简约布袖
sleeve	ClothThinShort	短薄布袖
sleeve	ClothWarden	守林者布袖
sleeve	GloveClothUpper	上段布手套
sleeve	LeatherEmbossedShort	短压纹皮革袖
sleeve	LeatherRingedShort	短环箍皮革袖
sleeve	LeatherStitchedShort	短缝线皮革袖
sleeve	PlateMetalBanded	束带金属板甲袖
sleeve	PlateMetalLayered	层叠金属板甲袖
sleeve	PlateMetalLong	长金属板甲袖
sleeve	PlateMetalPatternedShort	短纹样金属板甲袖
sleeve	PlateMetalRinged	环箍金属板甲袖
sleeve	SilkFlowingEthereal	以太飘垂丝袖
waist	ApronClothPatternedHeavy	厚重纹样布围裙
waist	ApronClothPatternedLight	轻薄纹样布围裙
waist	ApronLeatherLower	下段皮革围裙
waist	ApronLeatherLowerPotions	药水下段皮革围裙
waist	ApronLeatherLowerTools	工具下段皮革围裙
waist	Basic	基础腰饰
waist	BeltClothChainedFancy	华丽缀链布腰带
waist	BeltClothFrayedShort	短毛边布腰带
waist	BeltClothGathered	抽褶布腰带
waist	BeltClothSash	布饰带腰带
waist	BeltLeatherPotions	药水皮革腰带
waist	BeltLeatherTools	工具皮革腰带
waist	BeltRopePouch	带小袋绳腰带
waist	BeltRopeSimple	简约绳腰带
waist	RobesClothAgrimage	农艺法师布长袍下摆
waist	RobesClothCindaric	辛达里克布长袍
waist	RobesClothFlowing	飘垂布长袍
waist	RobesLowerWarden	守林者下段长袍
waist	SashClothCindaric	辛达里克布饰带
waist	ShirtClothSimple	简约布衬衫
waist	ShirtClothSplit	开衩布衬衫
waist	ShirtDoubleBreastedLower	双排扣衬衫下段
waist	SkirtBandedMetal	金属束带裙
waist	SkirtClothAgrimage	农艺法师布裙
waist	SkirtClothDivided	分片布裙
waist	SkirtClothFlowingFancy	华丽飘垂布裙
waist	SkirtClothFrayed	毛边布裙
waist	SkirtClothHalf	半布裙
waist	SkirtClothLayeredFancy	华丽层叠布裙
waist	SkirtClothLayeredTrimmed	镶饰层叠布裙
waist	SkirtClothQuilted	绗缝布裙
waist	SkirtClothRingedFancy	华丽环箍布裙
waist	SkirtClothRippledFancy	华丽波纹布裙
waist	SkirtClothRuffledFancy	华丽荷叶边布裙
waist	SkirtMetalChainmail	锁子甲金属裙
waist	SkirtMetalFaulds1	金属腰甲裙 1
waist	SkirtMetalFaulds2	金属腰甲裙 2
waist	SkirtMetalFaulds3	金属腰甲裙 3
waist	SkirtMetalFaulds4	金属腰甲裙 4
waist	SkirtStuddedLeather	镶钉皮革裙
waist	Skirted	带裙摆
waist	TogaClothBloused	束口布托加袍
waist	TogaClothGathered	抽褶布托加袍
waist	TogaClothHalf	半布托加袍
wrist	Blade	臂刃
wrist	BoneBracer	骨护腕
wrist	BracerClothFlamesFancy	华丽火焰布护腕
wrist	BracerCoralHeavy	重型珊瑚护腕
wrist	BracerHeavyJeweled	宝石镶嵌重型护腕
wrist	BracerHeavyLayered	层叠重型护腕
wrist	BracerLeatherBanded	束带皮革护腕
wrist	BracerLeatherLayered	层叠皮革护腕
wrist	BracerMailLayered	层叠锁甲护腕
wrist	BracerMetalFurLined	毛皮内衬金属护腕
wrist	BracerMetalPatterned1	纹样金属护腕 1
wrist	BracerMetalPatterned2	纹样金属护腕 2
wrist	BracerMetalPlate1	金属板甲护腕 1
wrist	BracerMetalPointed	尖头金属护腕
wrist	GauntletLeatherRinged	环箍皮革臂铠
wrist	GauntletLeatherSimple	简约皮革臂铠
wrist	GauntletMetalHeavy1	重型金属臂铠 1
wrist	GauntletMetalHeavy2	重型金属臂铠 2
wrist	GauntletMetalPlate1	金属板甲臂铠 1
wrist	GloveLeatherLow	低帮皮革手套
wrist	RopesBloated	臃肿绳索
wrist	SleeveClothBillowing	鼓风布袖
wrist	SleeveClothBracer1	带护腕布袖 1
wrist	SleeveClothBracer2	带护腕布袖 2
wrist	SleeveClothBracer3	带护腕布袖 3
wrist	SleeveClothCuffed	翻边布袖
wrist	SleeveClothLong	长布袖
wrist	SleeveClothTrimmed	镶饰布袖
wrist	SleeveLeatherCuffed	翻边皮革袖
wrist	SleeveLeatherStudded	镶钉皮革袖
wrist	WrapClothBurned	烧焦布缠裹
wrist	WrapLeather	皮革缠裹
