english,preferred_zh,variants,occurrences
Search,搜索,搜索:5 | 搜寻:1,6
Dr. Zacchaeus Quagmire III,扎凯厄斯·奎格迈尔三世博士,扎凯厄斯·奎格迈尔三世博士:5,5
section of this document,章节,章节:1 | 本文档的章节:1 | 本文档的该章节:1 | 本文件章节:1,4
Clockwork Hunter,发条猎手,发条猎手:3,3
Falling Wall Trap,坠落墙壁陷阱,坠落墙壁陷阱:9,3
Carman,卡尔曼,卡尔曼:2 | 卡尔曼·拉贾尼:1 | 卡曼:1,3
Yinyasmera,伊妮雅斯梅拉,伊妮雅斯梅拉:2 | 银雅丝梅拉:1 | 巴纳比:1,3
Magiloy,玛吉洛伊,玛吉洛伊:4 | 马吉洛伊:1,3
Credence and Cryde,克雷登斯与克莱德,克雷登斯与克莱德:2 | 克里登斯与克莱德:1,3
Korlok,科尔洛克,科尔洛克:1 | 科洛克:1,2
barrier to the 5th level,通往第5等级的屏障,通往第5等级的屏障:2,2
area C35,区域 C35,区域 C35:2,2
Lasda Venkervale,拉斯达·文克维尔,拉斯达·文克维尔:1 | 拉斯达·文克瓦尔:1,2
Nhakazarin,纳哈卡扎林,纳哈卡扎林:2,2
Augrael,奥格瑞尔,奥格瑞尔:1 | 奥格拉埃尔:1,2
fourth floor,第四层,第四层:2,2
Cheery Man's Hum,欢欣之人的哼唱,欢欣之人的哼唱:1 | 欢愉之人的哼唱:1,2
Descriptions of Natural Phenomena,自然现象的描述,自然现象的描述:1 | 自然现象描述:1,2
3 Antidote (Moderate),3 份解毒剂（中等）,3 份解毒剂（中等）:1 | 3 解毒剂（中等）:1,2
2 - Descriptions of Natural Phenomena,2 - 自然现象的描述,2 - 自然现象的描述:1 | 2 - 自然现象描述:1,2
Thresholds of Truth,真实阈限,真实阈限:1 | 真理门槛:1,2
Cloak of the Huntress,女猎手斗篷,女猎手斗篷:2,2
Roseguard Relics,玫瑰团遗物,玫瑰团遗物:1 | 玫瑰团圣遗物:1,2
Ring of Transposition,移位之戒,移位之戒:1 | 换位戒指:1,2
hounds of Tindalos,廷达洛斯猎犬,廷达洛斯猎犬:1 | 廷达罗斯猎犬:1,2
3 - Empty Wine Bottle,3 - 空的酒瓶,3 - 空的酒瓶:1 | 3 - 空酒瓶:1,2
3rd Letter,第三封信,第三封信:1 | 第3封信:1,2
3 Stone Body Mutagen (Lesser),3 石肤突变剂（次等）,3 石肤突变剂（次等）:1 | 3 石躯诱变剂（次等）:1,2
4 Bottled Sunlight (Moderate),4 瓶装阳光（中等）,4 瓶装阳光（中等）:2,2
3 Ghost Oil,3 幽灵油,3 幽灵油:1 | 3 幽灵（特征）油:1,2
4 - Under Mattress,4 - 床垫下方,4 - 床垫下方:2,2
4th Letter,第四封信,第四封信:1 | 第4封信:1,2
2 Ghostly Portal Paint,2 幽灵传送门涂料,2 幽灵传送门涂料:1 | 2 幽灵（特征）传送门颜料:1,2
5 - Under Loose Floor Tile,5 - 在松动的地砖下,5 - 在松动的地砖下:1 | 5 - 松动地砖下方:1,2
5th Letter,第5封信,第5封信:2,2
3 Skeptic's Elixir (Moderate),3 怀疑者的灵药（中等）,3 怀疑者的灵药（中等）:1 | 3 怀疑论者灵药（中等）:1,2
Demontide for Otari,奥塔里的恶潮,奥塔里的恶潮:1 | 奥塔里的恶魔之潮:1,2
Amicia,阿米希娅,阿米希娅:2 | 女儿:1,2
G17. Stasis Chambers,G17. 停滞室,G17. 停滞室:1 | G17. 静滞舱室:1,2
6 - Under the Disk,6 - 圆盘之下,6 - 圆盘之下:1 | 6 - 圆盘下方:1,2
3 Potion of Swimming,3 游泳药水,3 游泳药水:2,2
6th Letter,第六封信,第六封信:1 | 第6封信:1,2
4 Stormfeather,4 风暴羽,4 风暴羽:2,2
denizen of Leng,冷格住民,冷格住民:1 | 楞格的住民:1,2
Wrin,芙琳,芙琳:1 | 乌琳:1,2
Brelda Venkervale,布蕾尔达·文克维尔,布蕾尔达·文克维尔:1 | 布蕾尔达:1 | 布蕾尔达·文克沃维尔:1,2
Oseph Menhemes,奥瑟夫·门赫姆斯,奥瑟夫·门赫姆斯:1 | 奥塞夫·门赫姆斯:1,2
Wrin Sivinxi,芙琳·西文西,芙琳·西文西:1 | 乌琳·西文西:1,2
Founder’s Day Festival,创始日庆典,创始日庆典:1 | 创始日庆典（Founder’s Day Festival）:1,2
Vandy Banderdash,万蒂·班得黛西 Vandy Banderdash,万蒂·班得黛西 Vandy Banderdash:1 | 范迪·班德达什:1,2
Rhinoceros Mask (Greater),犀牛面具（高等）,犀牛面具（高等）:1 | 犀牛面具（强效）:1,2
Skittering Mask,疾行面具,疾行面具:1 | 窜行面具:1,2
Flask of Fellowship,友谊之瓶,友谊之瓶:1 | 情谊之瓶:1,2
Bag of Holding (Type I),次元袋（I型）,次元袋（I型）:2,2
Aeon Stone (Dusty Rose Prism),永劫石（尘玫瑰棱镜）,永劫石（尘玫瑰棱镜）:1 | 永劫石（尘玫瑰棱柱）:1,2
Goggles of Night,夜视护目镜,夜视护目镜:2,2
Rhino Hide,犀牛皮,犀牛皮:2,2
Warcaller's Chime of Resistance,战唤者抗力风铃,战唤者抗力风铃:1 | 战号者的抗力鸣钟:1,2
Warcaller's Chime of Destruction,战唤者毁灭风铃,战唤者毁灭风铃:1 | 战号者的毁灭鸣钟:1,2
Retribution Axe,惩戒斧,惩戒斧:1 | 惩戒之斧:1,2
Archaic Wayfinder,古式寻路仪,古式寻路仪:1 | 古旧寻路仪:1,2
Lady's Chalice,淑女圣杯,淑女圣杯:1 | 女士圣杯:1,2
Slime Whip,黏液鞭,黏液鞭:1 | 史莱姆鞭:1,2
Wondrous Figurine (Candy Constrictor),奇妙小雕像（糖果绞蛇）,奇妙小雕像（糖果绞蛇）:2,2
Undead Scourge,亡灵灾祸,亡灵灾祸:1 | 亡灵克星:1,2
Folding Boat,折叠船,折叠船:2,2
Cantrip Deck of Message (5-pack),讯息 戏法牌组（5张装）,讯息 戏法牌组（5张装）:1 | 信息 戏法牌组（5包）:1,2
Moonlit Chain,月光链甲,月光链甲:1 | 月光锁链:1,2
Waffle Iron (Mithral),华夫饼烤盘（秘银）,华夫饼烤盘（秘银）:1 | 华夫饼铸铁板（秘银）:1,2
Lion's Shield,狮子盾,狮子盾:2,2
Ring of Discretion,谨慎戒指,谨慎戒指:2,2
Sturdy Shield (Minor),坚固盾牌（次级）,坚固盾牌（次级）:1 | 坚固盾牌（次等）:1,2
Hat of the Magi,法师之帽,法师之帽:1 | 大法师之帽:1,2
Aeon Stone (Tourmaline Sphere),永劫石（碧玺球体）,永劫石（碧玺球体）:1 | 永劫石（电气石球体）:1,2
Spiritsight Crossbow,灵视十字弓,灵视十字弓:1 | 灵视弩:1,2
Dragonslayer's Shield,屠龙者盾牌,屠龙者盾牌:2,2
Spiritsight Ring,灵视戒指,灵视戒指:2,2
Gloom Blade,幽暗之刃,幽暗之刃:2,2
Slippers of Spider Climbing,蜘蛛攀爬拖鞋,蜘蛛攀爬拖鞋:2,2
Ring of Energy Resistance,能量抗力戒指,能量抗力戒指:2,2
Hunter's Bow,猎手之弓,猎手之弓:1 | 猎人之弓:1,2
Ghoul Hide,食尸鬼（特征）皮,食尸鬼（特征）皮:1 | 食尸鬼皮（特征）:1,2
Cinderclaw Gauntlet,烬爪护手,烬爪护手:2,2
Conflagration Club,焚灭棍棒,焚灭棍棒:1 | 燎原棍棒:1,2
Holy Prayer Beads,圣祷念珠,圣祷念珠:1 | 圣祈念珠:1,2
Healer's Gloves,治愈者手套,治愈者手套:1 | 治疗者手套:1,2
Deck of illusions,幻象牌组,幻象牌组:2,2
Spined Shield,棘刺盾,棘刺盾:2,2
Wand of Teeming Ghosts (3rd-Level Spell),鬼影繁生魔杖（3环法术）,鬼影繁生魔杖（3环法术）:1 | 鬼群魔杖（3环法术）:1,2
Rope of Climbing (Lesser),攀爬绳（次级）,攀爬绳（次级）:1 | 攀爬绳索（次等）:1,2
Rhythm Bone,节奏骨,节奏骨:2,2
Grim Ring,阴森戒指,阴森戒指:2,2
Kortos Consortium,寇托斯 Consortium,寇托斯 Consortium:1 | 寇托斯财团:1,2
James Morlibint,詹姆斯·莫里布林特,詹姆斯·莫里布林特:1 | 詹姆斯·莫利宾特:1 | 卡尔·莫利宾特:1,2
Carman Rajani,卡门·拉贾尼,卡门·拉贾尼:1 | 卡尔曼·拉贾尼:1 | 卡尔曼:1,2
Lady Inkleholtz,英克尔霍尔茨夫人,英克尔霍尔茨夫人:2,2
Kortos Conspiracy section of this document,本文档的寇托斯阴谋章节,本文档的寇托斯阴谋章节:1 | 本文档的寇托斯阴谋部分:1,2
Troubles in Otari,奥塔里麻烦事,奥塔里麻烦事:1 | 奥塔里烦恼:1,2
area B6,区域B6,区域B6:2,2
area I26,区域 I26,区域 I26:4,2
Cheery Man,欢愉之人,欢愉之人:1 | 开心人:1,2
treasure hunt with the letters,带有信件的宝藏狩猎,带有信件的宝藏狩猎:1,1
the Roseguard,玫瑰团,玫瑰团:1,1
coliseum of the Red Holiday,红色假日的斗兽场,红色假日的斗兽场:1,1
system of random encounters,随机遭遇系统,随机遭遇系统:1,1
B09. Old Office,B09. 旧办公室,B09. 旧办公室:1,1
Morlock Scavenger's,莫洛克拾荒者,莫洛克拾荒者:1,1
letter,信件,信件:1,1
Morlock Scavenger,魔洛克拾荒者,魔洛克拾荒者:1,1
Toggle Spirit Mode,切换灵体模式,切换灵体模式:1,1
B02. Volluk’s Workshop,B02. 沃鲁克的工坊,B02. 沃鲁克的工坊:1,1
Incomplete Soulbound Doll,未完成的缚魂（特征）人偶,未完成的缚魂（特征）人偶:1,1
actor included,包含的 actor,包含的 actor:1,1
Volluk’s chambers,沃鲁克的居所,沃鲁克的居所:1,1
key,钥匙,钥匙:1,1
B22. Workshop,B22. 车间,B22. 车间:1,1
Morlock Engineer's,莫洛克工程师,莫洛克工程师:1,1
B08. Servants’ Rooms,B08. 仆人房间,B08. 仆人房间:1 | 区域 B8:1,1
area B8,B08. 仆人房间,B08. 仆人房间:1 | 区域 B8:1,1
6 Clockwork Handlers,6 名发条操纵者,6 名发条操纵者:1 | 发条操纵者:1,1
Clockwork Handlers,6 名发条操纵者,6 名发条操纵者:1 | 发条操纵者:1,1
area B10,区域 B10,区域 B10:1,1
The Red Holiday,红色假日,红色假日:1,1
4 Fear Gems,4 颗恐惧宝石,4 颗恐惧宝石:1,1
a letter,一封信,一封信:1,1
Concealed,隐蔽,隐蔽:1,1
Poisoned Lock,淬毒锁,淬毒锁:1,1
Gasping Marsh,喘息沼泽,喘息沼泽:1,1
Stinking Cloud,恶臭云,恶臭云:1,1
D08. Lounge,D08. 休息室,D08. 休息室:1 | 区域 D8:1,1
area D8,D08. 休息室,D08. 休息室:1 | 区域 D8:1,1
Sickened,反胃,反胃:1,1
Cailean Key,凯莱恩之钥,凯莱恩之钥:1,1
the following changes,如下改动,如下改动:1,1
D18. Otari’s Doom,D18. 奥塔里的末日,D18. 奥塔里的末日:1,1
Aesephna’s tomb,艾瑟芙娜之墓,艾瑟芙娜之墓:1,1
D14. Pavilion,D14. 凉亭,D14. 凉亭:1,1
Caliddo Hit List,Caliddo 追杀名单,Caliddo 追杀名单:1,1
E16. Administrator’s Antechamber,E16. 管理员的前厅,E16. 管理员的前厅:1,1
Shrinking Trap,缩小陷阱,缩小陷阱:1,1
E26. Arena Balcony,E26. 竞技场阳台,E26. 竞技场阳台:1,1
Grasping Dead,攫握亡者,攫握亡者:1,1
5th level,第5等级,第5等级:1,1
F23. Storage Closet,F23. 储藏间,F23. 储藏间:1,1
Spectral Reflection,幽灵反射,幽灵反射:1,1
C11. Main Library,C11. 主图书馆,C11. 主图书馆:1,1
E23. Empty Gladiators’ Quarters,E23. 空置的角斗士营房,E23. 空置的角斗士营房:1,1
Levalochs,莱瓦洛克,莱瓦洛克:1,1
Rajani,拉贾尼,拉贾尼:1,1
Phistophilus,菲斯托菲勒斯,菲斯托菲勒斯:1,1
daughter,女儿,女儿:1 | 阿米希娅:1,1
Urevian,乌雷维安,乌雷维安:1,1
Belcorra,贝尔科拉,贝尔科拉:1,1
Quill of Passage,通行之羽笔,通行之羽笔:1,1
Stasis,停滞,停滞:1,1
G03. Drill Field,区域 G3,区域 G3:1,1
area G3,区域 G3,区域 G3:1,1
area G1,区域 G1,区域 G1:1,1
section of the document,文档章节,文档章节:1,1
H17. Dock and Lift,H17. 码头与升降梯,H17. 码头与升降梯:1,1
H39. Lair of the Dreamer,H39. Dreamer 的巢穴,H39. Dreamer 的巢穴:1,1
custom system,自定义系统,自定义系统:1,1
I26. Galudu’s Room,I26. 加卢杜的房间,I26. 加卢杜的房间:1,1
I51. Ravirex’s Fen,I51. 拉维雷克斯的沼泽,I51. 拉维雷克斯的沼泽:1,1
I48. Horrid Carnage,<strong>区域 I48,<strong>区域 I48:1,1
<strong>area I48,<strong>区域 I48,<strong>区域 I48:1,1
bottomless pit,无底深坑,无底深坑:1,1
Bottomless Pit,无底深坑,无底深坑:1,1
I46. Pudding Wallow,I46. 布丁泥沼,I46. 布丁泥沼:1 | <strong>I46 区域</strong>:1,1
<strong>I46 area,I46. 布丁泥沼,I46. 布丁泥沼:1 | <strong>I46 区域</strong>:1,1
corrosive,腐蚀,腐蚀:1,1
frost,寒霜,寒霜:1,1
The Menace Under Otari,《奥塔里之下的威胁》,《奥塔里之下的威胁》:1,1
elemental chamber,元素密室,元素密室:1,1
I50. Coins and Slime,I50. 钱币与史莱姆,I50. 钱币与史莱姆:1 | 区域 I50:1,1
area I50,I50. 钱币与史莱姆,I50. 钱币与史莱姆:1 | 区域 I50:1,1
Firewyrm,火龙虫,火龙虫:1,1
shock,电击,电击:1,1
Stone Mauler,石槌兽,石槌兽:1,1
Boon: Elemental Transaction,恩惠：元素交易,恩惠：元素交易:1,1
flaming,火焰,火焰:1,1
translate,翻译,翻译:1,1
Magic Passage,魔法通道,魔法通道:1,1
Tidal Master,潮汐大师,潮汐大师:1,1
Storm Lord,风暴领主,风暴领主:1,1
Energy-Resistant,能量抗性,能量抗性:1,1
Warp Mind,扭曲心智,扭曲心智:1,1
Mask of Terror,恐惧面具,恐惧面具:1,1
Belcorra Haruvex (Upgraded),贝科拉·哈鲁维克斯（升级版）,贝科拉·哈鲁维克斯（升级版）:1,1
Effect: Belcorra's Vulnerability,效果：贝尔科拉的脆弱,效果：贝尔科拉的脆弱:1,1
Zarmavdian’s ritual,扎玛夫迪安的仪式,扎玛夫迪安的仪式:1,1
J20. Empty Vault,J20. 空宝库,J20. 空宝库:1 | 区域 J20:1,1
area J20,J20. 空宝库,J20. 空宝库:1 | 区域 J20:1,1
Tempest of Shades,暗影风暴,暗影风暴:1,1
Belcorra's Grasp,贝尔科拉之握,贝尔科拉之握:1,1
Vidileth (Veiled Master),维迪莱斯（帷幕大师）,维迪莱斯（帷幕大师）:1,1
J16. Perilous Controls,J16. 危险的控制台,J16. 危险的控制台:1 | 区域 J16:1,1
area J16,J16. 危险的控制台,J16. 危险的控制台:1 | 区域 J16:1,1
Second Challenge,第二项挑战,第二项挑战:1,1
G18. War Room,第7等级,第7等级:1,1
7th level,第7等级,第7等级:1,1
Ysondkhelir,冷格住民,冷格住民:1,1
Belcorra’s,贝尔科拉的,贝尔科拉的:1,1
Nightmare,梦魇,梦魇:1,1
Tamily,塔米莉,塔米莉:1,1
Vandy,范迪,范迪:1,1
Dorianna,多丽安娜,多丽安娜:1,1
Lasda,拉斯达,拉斯达:1,1
Morliblint,莫里布林特,莫里布林特:1,1
The Osprey Club,鱼鹰俱乐部,鱼鹰俱乐部:1,1
NPC section,NPC部分,NPC部分:1,1
Jaul Mezmin,乔尔·梅兹明,乔尔·梅兹明:1,1
Keeleno Lathenar,凯利诺·拉瑟纳,凯利诺·拉瑟纳:1,1
Menhemes,曼妮姆斯 Menhemes,曼妮姆斯 Menhemes:1,1
sure strike,料敌机先 Sure Strike,料敌机先 Sure Strike:1,1
Erastil's Blessing,埃拉斯蒂尔的祝福 Erastil's Blessing,埃拉斯蒂尔的祝福 Erastil's Blessing:1,1
Aesephna Menhemes,艾斯法娜·曼妮姆斯 Aesephna Menhemes,艾斯法娜·曼妮姆斯 Aesephna Menhemes:1,1
Thirsty Alpaca,口渴的羊驼,口渴的羊驼:1,1
first letter of Dr. Zacchaeus Quagmire III,扎凯厄斯·奎格迈尔三世博士的第一封信,扎凯厄斯·奎格迈尔三世博士的第一封信:1,1
Tamily’s fishing camp sidequest,塔米莉的钓鱼营地支线任务,塔米莉的钓鱼营地支线任务:1,1
Fiver,法伊弗,法伊弗:1,1
third level of the vaults,地窖的第三等级,地窖的第三等级:1,1
9th level of the vaults,地窖的第9等级,地窖的第9等级:1,1
gibbering mouther,喋喋不休的噬语者,喋喋不休的噬语者:1,1
Ravirex,拉维瑞克斯,拉维瑞克斯:1,1
festival,节日,节日:1,1
Kortos Conspiracy,寇托斯阴谋,寇托斯阴谋:1,1
bottom of this section,底部,底部:1,1
entries below,下方条目,下方条目:1,1
Wrin’s harrow reading,Wrin的哈罗解读,Wrin的哈罗解读:1,1
Klorte Hengus,克洛特·亨格斯,克洛特·亨格斯:1,1
Off-Guard,措手不及,措手不及:1,1
Shove,推撞,推撞:1,1
Trip,绊摔,绊摔:1,1
The Scribbles,涂鸦帮,涂鸦帮:1,1
Greenspoon the Mighty,强大的绿勺,强大的绿勺:1,1
The Morlibints,莫里宾茨,莫里宾茨:1,1
Captain Longsaddle,长鞍队长,长鞍队长:1,1
Aesephna,埃塞芙娜,埃塞芙娜:1,1
logs,原木,原木:1,1
Hatchet,手斧,手斧:1,1
Amicia Rajani,阿米希娅·拉贾尼,阿米希娅·拉贾尼:1,1
Tamily Tanderveil,塔米莉·坦德维尔,塔米莉·坦德维尔:1,1
Otari NPCs,奥塔里NPC,奥塔里NPC:1,1
Dorianna Menhemes,多里安娜·门赫姆斯,多里安娜·门赫姆斯:1,1
Mayor Oseph,市长奥瑟夫,市长奥瑟夫:1,1
Narala,纳拉拉,纳拉拉:1,1
Carl Morlibint,詹姆斯·莫利宾特,詹姆斯·莫利宾特:1 | 卡尔·莫利宾特:1,1
Rosa Argentis,罗莎·阿金蒂斯,罗莎·阿金蒂斯:1,1
history of the Roseguard,玫瑰团的历史,玫瑰团的历史:1,1
Brelda,布蕾尔达,布蕾尔达:1 | 布蕾尔达·文克沃维尔:1,1
mayor Oseph,市长奥瑟夫,市长奥瑟夫:1 | 奥瑟夫:1,1
Oseph,市长奥瑟夫,市长奥瑟夫:1 | 奥瑟夫:1,1
Greenspoon,格林斯普恩,格林斯普恩:1,1
Barnaby,巴纳比,巴纳比:1 | 伊妮雅斯梅拉:1,1
Keeleno,凯利诺,凯利诺:1,1
tomb of Aesephna,艾瑟芙娜之墓,艾瑟芙娜之墓:1,1
sabotage on the log flume,在运木水槽上的破坏行为,在运木水槽上的破坏行为:1,1
"Huntress, Aesephna Menhemes",女猎手，艾瑟芙娜·门赫姆斯,女猎手，艾瑟芙娜·门赫姆斯:1,1
Dorianna's Madness,多丽安娜的疯狂,多丽安娜的疯狂:1,1
father,父亲,父亲:1,1
knife,小刀,小刀:1,1
flintlock pistol,燧发手枪,燧发手枪:1,1
Trouble in Otari,奥塔里之麻烦,奥塔里之麻烦:1,1
Changes to the Vaults section,地窖改动章节,地窖改动章节:1,1
Keppler Credence,凯普勒·克里登斯,凯普勒·克里登斯:1,1
Troubles in Otari section of this document,本文档中的《奥塔里疑难》部分,本文档中的《奥塔里疑难》部分:1,1
Kortos Conspiracy section,寇托斯阴谋部分,寇托斯阴谋部分:1,1
D09. Lasda’s Lament,D09. 拉斯达的哀叹,D09. 拉斯达的哀叹:1,1
her son,她的儿子,她的儿子:1,1
the ninth level,第九层,第九层:1,1
the second level,宝库第二层,宝库第二层:1,1
area E23,区域E23,区域E23:1,1
3 Potion of Shared Life,3 共享生命药水,3 共享生命药水:1,1
1st Letter,第1封信,第1封信:1,1
7 - Mushroom,7 - 蘑菇,7 - 蘑菇:1,1
3 Potion of Quickness,3 迅捷药水,3 迅捷药水:1,1
7th Letter,第7封信,第7封信:1,1
area G7,区域G7,区域G7:1,1
2nd Letter,第2封信,第2封信:1,1
area D4,区域D4,区域D4:1,1
area H34,区域H34,区域H34:1,1
4 Fear Gem,4 恐惧宝石,4 恐惧宝石:1,1
area C36,区域C36,区域C36:1,1
area F24,区域F24,区域F24:1,1
Sense Motive,察觉动机,察觉动机:1,1
Lie,说谎,说谎:1,1
Missing Fish,失踪的鱼,失踪的鱼:1,1
Whistledown Tax Fraud,Whistledown税务欺诈,Whistledown税务欺诈:1,1
The Loading Flume Fire,装载水槽火灾,装载水槽火灾:1,1
Mischief in Menhemes Manor,门赫姆斯庄园的恶作剧,门赫姆斯庄园的恶作剧:1,1
The Missing Priest,失踪的牧师,失踪的牧师:1,1
The Rigged Election,被操纵的选举,被操纵的选举:1,1
Fiver's Citizenship,Fiver的公民身份,Fiver的公民身份:1,1
Hero of the North,北方英雄,北方英雄:1,1
Disappearance of Narala,Narala的失踪,Narala的失踪:1,1
Armed to the Teeth,武装到牙齿,武装到牙齿:1,1
Hosting the Djinn,招待灯神,招待灯神:1,1
Framed for Bear Murder,被诬陷熊类谋杀,被诬陷熊类谋杀:1,1
Forest Rejuvenation Ritual,森林复苏仪式,森林复苏仪式:1,1
Paper Planes and Piracy,纸飞机与海盗行为,纸飞机与海盗行为:1,1
In The Stinkweed,在臭草之中,在臭草之中:1,1
Missing Laborers,失踪的劳工,失踪的劳工:1,1
Magiloy's Mushrooms,Magiloy的蘑菇,Magiloy的蘑菇:1,1
Monster Hunter,怪物猎人,怪物猎人:1,1
Executioner,刽子手,刽子手:1,1
Black Dracolisk,黑龙蜥,黑龙蜥:1,1
Plague Doctor,瘟疫医生,瘟疫医生:1,1
Greater Barghest (Every Mutation),高等巴格斯特（所有突变）,高等巴格斯特（所有突变）:1,1
Deathless Hierophant Of Urgathoa,乌加托娅的不死大祭司,乌加托娅的不死大祭司:1,1
Giant Crawling Hand,巨型爬行手,巨型爬行手:1,1
Graveknight Captain,墓骑士队长,墓骑士队长:1,1
Shambler Troop,徘徊者兵团,徘徊者兵团:1,1
Otyugh,粪怪,粪怪:1,1
Greater Shadow,高等暗影,高等暗影:1,1
Blue Dracolisk,蓝龙蜥,蓝龙蜥:1,1
Manticore,蝎尾狮,蝎尾狮:1,1
Green Dracolisk,绿龙蜥,绿龙蜥:1,1
Lamia Matriarch,拉弥亚女族长,拉弥亚女族长:1,1
Chimeric Manticore,嵌合蝎尾狮,嵌合蝎尾狮:1,1
Skeletal Knight,骷髅骑士,骷髅骑士:1,1
Owlbear,枭熊,枭熊:1,1
Hellknight Armiger,地狱骑士侍从,地狱骑士侍从:1,1
Mulventok,穆尔文托克,穆尔文托克:1,1
Mohrg,魔赫格,魔赫格:1,1
Hieracosphinx,鹰狮身人面像,鹰狮身人面像:1,1
Hell Hound,地狱猎犬,地狱猎犬:1,1
Zetogeki,泽托盖奇,泽托盖奇:1,1
Mage For Hire,受雇法师,受雇法师:1,1
Harpy,鹰身女妖,鹰身女妖:1,1
Antipaladin,反圣武士,反圣武士:1,1
Assassin,刺客,刺客:1,1
Drider,蛛魔,蛛魔:1,1
Cult Leader,邪教领袖,邪教领袖:1,1
Troll,巨魔（特征）,巨魔（特征）:1,1
Manticore Paaridar,帕里达尔蝎尾狮,帕里达尔蝎尾狮:1,1
Yeth Hound,夜嚎猎犬,夜嚎猎犬:1,1
Chimera (Arcane),奇美拉（奥术）,奇美拉（奥术）:1 | 奇美拉（神术）:1 | 奇美拉（异能）:1 | 奇美拉（原能）:1,1
Chimera (Divine),奇美拉（奥术）,奇美拉（奥术）:1 | 奇美拉（神术）:1 | 奇美拉（异能）:1 | 奇美拉（原能）:1,1
Chimera (Occult),奇美拉（奥术）,奇美拉（奥术）:1 | 奇美拉（神术）:1 | 奇美拉（异能）:1 | 奇美拉（原能）:1,1
Chimera (Primal),奇美拉（奥术）,奇美拉（奥术）:1 | 奇美拉（神术）:1 | 奇美拉（异能）:1 | 奇美拉（原能）:1,1
Zombie Hulk,丧尸（特征）巨汉,丧尸（特征）巨汉:1,1
Skaveling,斯卡弗灵,斯卡弗灵:1,1
White Dracolisk,白龙蜥,白龙蜥:1,1
Behir,贝希尔,贝希尔:1,1
Red Dracolisk,红龙蜥,红龙蜥:1,1
Cockatrice,鸡蛇怪,鸡蛇怪:1,1
Gibtas Bounder,吉布塔斯·弹跃者,吉布塔斯·弹跃者:1,1
wood golem,木魔像,木魔像:1,1
Translocate,移位,移位:1,1
The Heist,劫案,劫案:1,1
Create a Diversion,制造佯动,制造佯动:1,1
Dispel magic,解除魔法,解除魔法:1,1
Erastil,埃拉斯蒂尔,埃拉斯蒂尔:1,1
Caiden Cailean,凯登·凯连,凯登·凯连:1,1
dealing with the dark entity,处理小镇下方艾瑟芙娜之墓内的黑暗实体,处理小镇下方艾瑟芙娜之墓内的黑暗实体:1,1
fourth level of the vaults,宝库第四等级,宝库第四等级:1,1
Dread Wraith,恐惧缚灵（特征）,恐惧缚灵（特征）:1,1
Heal,治疗,治疗:1,1
Wave of Despair,绝望波,绝望波:1,1
Aesephna's Wrath (Lvl 8),埃瑟芙娜之怒 (等级 8),埃瑟芙娜之怒 (等级 8):1,1
Agonizing Despair,痛苦绝望,痛苦绝望:1,1
Aesephna's Wrath (Lvl 6),埃瑟芙娜之怒 (等级 6),埃瑟芙娜之怒 (等级 6):1,1
Wraith,缚灵（特征）,缚灵（特征）:1,1
Otari's Ring,奥塔里之戒,奥塔里之戒:1,1
Aesephna's Wrath (Lvl 7),埃瑟芙娜之怒 (等级 7),埃瑟芙娜之怒 (等级 7):1,1
"area D14, Jaul's Pavilion",区域D14，贾乌尔的凉亭,区域D14，贾乌尔的凉亭:1,1
"Zarmavdian, The Watchful One",扎马夫迪安，守望者,扎马夫迪安，守望者:1,1
Effect: The Sea Hawk's Blessing,效果：海鹰的祝福,效果：海鹰的祝福:1,1
Effect: The Watchful One's Blessing,效果：守望者的祝福,效果：守望者的祝福:1,1
Effect: The Rose Knight's Blessing,效果：玫瑰骑士的祝福,效果：玫瑰骑士的祝福:1,1
"Otari Ilvashti, The Seahawk",奥塔里·伊尔瓦什提，海鹰,奥塔里·伊尔瓦什提，海鹰:1,1
Effect: The Huntress' Blessing,效果：女猎手的祝福,效果：女猎手的祝福:1,1
"Aesephna Menhemes, The Huntress",艾瑟芙娜·门赫姆斯，女猎手,艾瑟芙娜·门赫姆斯，女猎手:1,1
"Vol Rajani, The Rose Knight",沃尔·拉贾尼，玫瑰骑士,沃尔·拉贾尼，玫瑰骑士:1,1
