Cloth	156			back/chest/chest+sleeve	ApronClothPatternedHeavy · ApronClothPatternedLight · BagCloth
Metal	72	glossary	金属	base/chest/chest+pauldron	BandedMetalPlated · BootMetalPlate · BracerMetalFurLined
Leather	60			back/chest/eyewear	ApronLeatherLower · ApronLeatherLowerPotions · ApronLeatherLowerTools
Standard	46			item	AxeBattleSteelStandard · AxeGreatSteelStandard · AxeHandStandard
Steel	45			helm/item/pants	AxeBattleSteelShoddy · AxeBattleSteelStandard · AxeGreatSteelStandard
1	37			chest/chest+pauldron/eyewear	BracerMetalPatterned1 · BracerMetalPlate1 · ChainMetalHeavy1
Heavy	32	部件表	粗壮	chest/chest+pauldron/item	ApronClothPatternedHeavy · AxeSteelHeavyFine · BoneHeavy
Plate	31	glossary	板甲	chest/chest+pauldron/footwear	BootMetalPlate · BracerMetalPlate1 · GauntletMetalPlate1
Shield	29	glossary	护盾术 Shield	front/item/itemB	Shield1A · Shield1B · Shield1C
Fancy	27			back/chest/eyewear	ArmorFurWolfFancy · BeltClothChainedFancy · BlindfoldClothFancy
2	25			chest/chest+pauldron/eyewear	BracerMetalPatterned2 · Flag2A · Flag2B
Short	22	部件表	短	back/item/itemB	BeltClothFrayedShort · BowShortSuperior · BowShortWoodenStandard
Cloak	20	glossary	斗篷 Cloak	back/chest/neck	Cloak · CloakClothCindaric · CloakClothFlared
Helm	18	glossary	头盔 Helm	helm	HelmCoral · HelmFullTayan · HelmOpenTayan
Shirt	18			chest/waist	ClothTornShirt · ClothTornStrappedShirt · ShirtClothAgrimage
Skirt	18			waist	SkirtBandedMetal · SkirtClothAgrimage · SkirtClothDivided
Superior	18			chest/item/pauldron	AxeBattleSuperior · AxeHandSuperior · AxeLongSteelSuperior
Bone	17			back/chest/helm	ArmorBoneMandible · Bone · BoneBracer
Flag	17			front	Flag1A · Flag1B · Flag1C
Bracer	16	glossary	护腕 Bracer	wrist	BoneBracer · BracerClothFlamesFancy · BracerCoralHeavy
Long	15	部件表	长发	back/item/itemB	AxeLongSteelSuperior · BowLongFancy · BowLongFancyQuiver
3	14			chest+pauldron/front/waist	Flag3A · Flag3B · Flag3C
Fur	14	glossary	毛皮 Fur	back/chest/footwear	ArmorFurWolfFancy · BootLeatherFurLined · BracerMetalFurLined
Hood	14			helm/neck	HoodClothDown1 · HoodClothDown2 · HoodClothLower
Mantle	14			chest/neck/pauldron	FeatheredMantle · MantleClothAgrimage · MantleClothCindaric
Fine	13	部件表	细致	chest/item/pauldron	AxeSteelHeavyFine · BowLongOrnateFine · BrigandineFine
Layered	13	部件表	层叠	chest/helm/pauldron	BracerHeavyLayered · BracerLeatherLayered · BracerMailLayered
Necklace	13			chest/neck	BlouseClothNecklace · NecklaceBeaded · NecklaceBeadedBejak
Full	12			chest/eyewear/helm	BandageClothFull · FurFullBejak · HelmFullTayan
Hat	12			helm	HatAgrimage · HatArcturian · HatBambooRound
Ornate	12	部件表	华丽	helm/item/itemB	BowLongOrnateFine · CapeClothOrnate · CloakSweepingOrnate
Simple	12	部件表	简约	back/chest/helm	BeltRopeSimple · CloakClothShortSimple · CloakClothSimple
Studded	12			chest/item/pants	ArmorLeatherStuddedLarge · ArmorLeatherStuddedSmall · BandedLeatherStudded
Silk	11			chest/neck/sleeve	MantleSilkFlowingEthereal · MantleSilkFlowingFancy · ShirtSilkFrilled
Mask	10			eyewear/helm	MaskClothDiamond · MaskClothLower · MaskDoomsayer
Shoddy	10			item	AxeBattleSteelShoddy · ClubSpikedShoddy · HalberdSteelShoddy
Axe	9	glossary	斧头 Axe	item	AxeBattleSteelShoddy · AxeBattleSteelStandard · AxeBattleSuperior
Backward	9	部件表	后撤	pants	GreavesSteelBackward · PaddedBackward · PlateBackward
Club	9	glossary	棍棒 Club	item/itemW	ClubBoneCudgel · ClubBoneMace · ClubGreatStandard
Forward	9	部件表	前跨	pants	GreavesSteelForward · PaddedForward · PlateForward
Lower	9	部件表	下段	back/helm/neck	ApronLeatherLower · ApronLeatherLowerPotions · ApronLeatherLowerTools
Neutral	9	部件表	常态	pants	GreavesSteelNeutral · PaddedNeutral · PlateNeutral
Round	9	部件表	浑圆	eyewear/helm/item	CollarClothRound · GogglesLeatherRound · HatBambooRound
Sitting	9	部件表	坐姿	pants	GreavesSteelSitting · PaddedSitting · PlateSitting
Sleeve	9			wrist	SleeveClothBillowing · SleeveClothBracer1 · SleeveClothBracer2
Wooden	9	部件表	木制	item/itemB/pauldron	BowShortWoodenStandard · BowlWoodenEmpty · BowlWoodenGrain
Agrimage	8	glossary	农艺法师 Agrimage	chest/helm/neck	ClothAgrimageShort · CollarClothAgrimage · HatAgrimage
Belt	8	glossary	腰带 Belt	waist	BeltClothChainedFancy · BeltClothFrayedShort · BeltClothGathered
Collar	8			neck	CollarClothAgrimage · CollarClothOtherhood · CollarClothRound
Draped	8			chest/helm/neck	CordClothDraped · HatClothDrapedFlat · HatClothDrapedPoint
Lined	8			back/footwear/helm	BootLeatherFurLined · BracerMetalFurLined · CloakFurLined
Open	8	部件表	张口	chest/footwear/helm	HelmOpenTayan · HelmSteelFullOpen · HoodClothOpen1
Padded	8			chest/chest+sleeve/neck	CollarPadded · GambesonPadded · GambesonPaddedReinforced
Patterned	8			chest/sleeve/waist	ApronClothPatternedHeavy · ApronClothPatternedLight · BracerMetalPatterned1
Staff	8	glossary	法杖 Staff	item/itemB	StaffBranchStandard · StaffCappedFine · StaffHookedStandard
Sword	8	部件表	剑	item	SwordLongSteelShoddy · SwordLongSteelStandard · SwordLongSuperior
Trousers	8			pants	TrousersClothBackward · TrousersClothForward · TrousersClothNeutral
4	7			chest+pauldron/front/waist	PlateMetalHeavy4 · Shield4A · Shield4B
A	7			front	Flag1A · Flag2A · Flag3A
Armor	7	glossary	护甲 Armor	chest/pauldron	ArmorBoneMandible · ArmorFurWolfFancy · ArmorLeatherStrapped
B	7			front	Flag1B · Flag2B · Flag3B
Bejak	7	glossary	贝雅克 Bejak	helm/neck/pauldron	FurFullBejak · FurPartialBejak · FurRimmedBejak
Bow	7	glossary	弓	item/itemB	BowLongFancy · BowLongFancyQuiver · BowLongOrnateFine
C	7			front	Flag1C · Flag2C · Flag3C
Cindaric	7	glossary	辛达里克	itemB/neck/pauldron	CloakClothCindaric · MantleClothCindaric · RobesClothCindaric
D	7			front	Flag1D · Flag2D · Flag3D
E	7			front	Flag1E · Flag2E · Flag3E
Shawl	7			neck/pauldron	ShawlClothButton · ShawlClothCindaric · ShawlClothCindaricFancy
Toga	7			chest/waist	TogaClothBloused · TogaClothFull · TogaClothGathered
Apron	6			neck/waist	ApronClothPatternedHeavy · ApronClothPatternedLight · ApronLeatherLower
Banded	6			chest/sleeve/waist	BandedLeatherStudded · BandedMetalPlated · BracerLeatherBanded
Light	6	glossary	光 Light	chest/item/pauldron	ApronClothPatternedLight · HammerWarLightStandard · LightBoneArmor
Plain	6			eyewear/footwear/helm	Plain · ShoeClothPlain · TorchLitPlain
Robes	6			chest/waist	RobesClothAgrimage · RobesClothCindaric · RobesClothFlowing
Skull	6	部件表	颅骨	helm/pauldron	HornedSkull · LizardSkull · SkullBoneLion
Spiked	6	部件表	尖刺	chest/helm/item	ClubSpikedShoddy · GreatclubBoneSpiked · MetalRoundSpiked
Stone	6			chest+helm+wrist/item/neck	AxeStoneStandard · ClubStoneStandard · NecklaceStoneAmulet
Coral	5	glossary	珊瑚 Coral	chest/helm/pauldron	BracerCoralHeavy · HelmCoral · PlateCoral
Doomsayer	5			back/helm/item	CloakDoomsayer · HoodDoomsayer · MaskDoomsayer
Flowing	5			neck/sleeve/waist	MantleSilkFlowingEthereal · MantleSilkFlowingFancy · RobesClothFlowing
Gauntlet	5			wrist	GauntletLeatherRinged · GauntletLeatherSimple · GauntletMetalHeavy1
Half	5	部件表	半剃	chest/eyewear/pauldron	BandageClothHalf · PlateHalfFine · ShawlClothHalfRays
Hammer	5	glossary	锤 Hammer	item	HammerCrystaline · HammerPoleSteelFine · HammerSteelSmithing
Large	5	部件表	大型	itemB/pauldron/sleeve	ArmorLeatherStuddedLarge · ClothRobeLarge · MetalLayeredLarge
Mace	5	glossary	硬头锤 Mace	item/itemW	ClubBoneMace · MaceFlangedFine · MaceLightStandard
Otherhood	5	glossary	异姊会	helm/neck	CollarClothOtherhood · HelmOtherhood · HelmOtherhoodMasked
Quiver	5	glossary	箭袋 Quiver	itemB/itemW	BowLongFancyQuiver · Quiver · QuiverLeatherArrows
Ringed	5			neck/sleeve/waist	GauntletLeatherRinged · LeatherRingedShort · NecklaceMetalRingedThin
Strapped	5			chest/neck/pauldron	ArmorLeatherStrapped · ClothTornStrappedShirt · ShirtLeatherStrapped
Torn	5			chest/eyewear/neck	ClothTornShirt · ClothTornStrappedShirt · ScarfClothTorn
Trident	5			item/itemB	TridentMetalCommon · TridentMetalOrnate · TridentOrnateFine
Vest	5			chest	VestClothSailor · VestClothSimple1 · VestLeatherFeminineFancy
Wrap	5	glossary	缠裹 Wrap	chest/helm/wrist	WrapCloth1 · WrapCloth2 · WrapClothBurned
Boot	4	部件表	长靴	footwear	BootClothWrapped · BootLeatherCuffed · BootLeatherFurLined
Bronze	4			item	MaulBronzeShoddy · ShieldBucklerBronzeStandard · SickleWarBronzeShoddy
Faulds	4			waist	SkirtMetalFaulds1 · SkirtMetalFaulds2 · SkirtMetalFaulds3
Greaves	4			pants	GreavesSteelBackward · GreavesSteelForward · GreavesSteelNeutral
Hand	4			chest/item	AxeHandStandard · AxeHandSuperior · CrossbowHandStandard
Headband	4			helm	HeadbandClothFancy · HeadbandClothSimple · HeadbandSailor
Jeweled	4			helm/neck/wrist	BracerHeavyJeweled · HoodJeweledFullKithil · HoodJeweledKithil
Left	4			chest/eyewear	EyepatchLeatherLeft · TogaClothLeft · TunicBreastplateSpikedLeft
Oaken	4	glossary	奥肯 Oaken	chest/pauldron	PauldronScaleOaken · ShirtLeatherOaken · ShirtReinforcedOaken
Pick	4			item/itemB/itemW	PickMetalMiner · PickMetalMining · PickSteelStandard
Right	4			chest/eyewear	EyepatchLeatherRight · TogaClothRight · TogaClothRightNecklace
Ripped	4	部件表	撕裂	pants	RippedClothBackward · RippedClothForward · RippedClothNeutral
Robe	4			chest/sleeve	ClothRobeLarge · ClothRobeShort · Robe
Sash	4			pauldron/waist	BeltClothSash · SashClothCindaric · SashCommon
Scalemaw	4	glossary	鳞颚兽 Scalemaw	back/helm/neck	CloakLeatherScalemaw · MantleLeatherScalemaw · SkullBoneScalemawBroken
Shorts	4			pants	ShortsBackward · ShortsForward · ShortsNeutral
Strider	4	glossary	疾行者 Strider	back/helm/neck	CloakSoftTrimmedStrider · HoodOrnateStrider · MantleFeatheredStrider
Tayan	4	glossary	塔扬 Tayan	chest/helm/pauldron	HeavySuperiorTayan · HelmFullTayan · HelmOpenTayan
Thin	4	部件表	瘦削	eyewear/neck/sleeve	BlindfoldClothThin · ClothPatternedThinShort · ClothThinShort
Trimmed	4	部件表	修剪	back/chest/waist	CloakSoftTrimmedStrider · ClothLayeredTrimmed · SkirtClothLayeredTrimmed
Tunic	4			chest	TunicBreastplateSpikedLeft · TunicSilkFull · TunicSilkLeft
Veil	4			eyewear	VeilClothFancy · VeilClothPlain · VeilClothTorn
Warden	4	glossary	守林者 Warden	chest/item/sleeve	ClothWarden · RobesLowerWarden · RobesWarden
Work	4			pants	WorkClothBackward · WorkClothForward · WorkClothNeutral
Battle	3			item	AxeBattleSteelShoddy · AxeBattleSteelStandard · AxeBattleSuperior
Blindfold	3			eyewear	BlindfoldCloth · BlindfoldClothFancy · BlindfoldClothThin
Bowl	3			item	BowlWoodenEmpty · BowlWoodenGrain · BowlWoodenWater
Breastplate	3	glossary	胸甲 Breastplate	chest	BreastplateMetalCorpuleth · BreastplateMetalFeminineFancy · TunicBreastplateSpikedLeft
Cape	3			back/neck	CapeClothBirch · CapeClothBirchLower · CapeClothOrnate
Chainmail	3			neck/sleeve/waist	ChainmailMetalShort · CollarMetalChainmail · SkirtMetalChainmail
Common	3			chest/itemB/pauldron	SashCommon · SplintMetalCommon · TridentMetalCommon
Cuffed	3			footwear/wrist	BootLeatherCuffed · SleeveClothCuffed · SleeveLeatherCuffed
Diamond	3	glossary	钻石 Diamond	helm	MaskClothDiamond · MaskLeatherDiamond · MaskLeatherDiamondStripe
Feminine	3	部件表	阴柔	chest	BreastplateMetalFeminineFancy · VestLeatherFeminineFancy · VestSilkFeminine
Frayed	3	部件表	毛糙	chest/waist	BeltClothFrayedShort · MantleClothFrayed · SkirtClothFrayed
Glasses	3			eyewear	GlassesMetalInspection1 · GlassesMetalInspection2 · GlassesMetalOval
Great	3			item	AxeGreatSteelStandard · ClubGreatStandard · ClubGreatSuperior
Kithil	3	glossary	基希尔 Kithil	helm	HoodJeweledFullKithil · HoodJeweledKithil · HoodOrnateKithil
Mail	3			chest/wrist	BracerMailLayered · RingMailFine · TatteredLayeredMail
Miner	3	glossary	矿工 Miner	helm/itemW	HatMetalMiner · HatMetalMinerLamp · PickMetalMiner
Orb	3	glossary	法珠 Orb	header/item	Orb · StaffOrbStandard · StaffSteelOrbSuperior
Potions	3	glossary	药水 Potions	neck/waist	ApronLeatherLowerPotions · BandolierLeatherPotions · BeltLeatherPotions
Reinforced	3			chest	GambesonPaddedReinforced · ShirtReinforcedOaken · ShirtStuddedReinforced
Sailor	3	glossary	水手	chest/helm	HeadbandSailor · HeadbandSailor2 · VestClothSailor
Scarf	3			neck	ScarfClothOtherhood · ScarfClothTied · ScarfClothTorn
Scimitar	3	glossary	弯刀 Scimitar	item	ScimitarOrnateStandard · ScimitarWickedShoddy · ScimitarWickedStandard
Shoulder	3			neck/pauldron	CloakClothShoulder · ShoulderFurInner · ShoulderStrapped
Sickle	3	glossary	镰刀 Sickle	item/itemW	SickleMetal1 · SickleSteelStandard · SickleWarBronzeShoddy
Small	3	部件表	小型	item/neck/pauldron	ArmorLeatherStuddedSmall · NecklaceBoneTeethSmall · SpellSmallFlame
Spellbook	3	glossary	法术书 Spellbook	item	SpellbookClosed · SpellbookOpen1 · SpellbookOpen2
Splint	3			chest	SplintMetalCommon · SplintMetalFancy · SplintRiveted
Tattered	3			back/chest	JacketLeatherTattered · TatteredLayeredMail · WingsBoneLeatherTattered
Tools	3	glossary	工具	neck/waist	ApronLeatherLowerTools · ApronLeatherTools · BeltLeatherTools
Torch	3	glossary	火把 Torch	item/itemB	TorchLargeLit · TorchLitPlain · TorchUnlitPlain
Turban	3			helm	TurbanClothBeadsFancy · TurbanClothOtherhood · TurbanClothPlain
Waerd	3	glossary	瓦尔德 Waerd	chest/helm/pauldron	HelmSpikdedWaerd · PauldronBoneWaerd · PlateHeavyWaerd
War	3			item	HammerWarLightStandard · HammerWarStandard · SickleWarBronzeShoddy
Water	3	glossary	水域	base/item	BowlWoodenWater · MetalWater · WoodWater
Wicked	3			item	MaceWickedShoddy · ScimitarWickedShoddy · ScimitarWickedStandard
Arm	2			itemB	Arm · BladeArm
Bandage	2			eyewear	BandageClothFull · BandageClothHalf
Basket	2			itemB+itemW	BasketWovenEmpty · BasketWovenPlants
Beaded	2			neck	NecklaceBeaded · NecklaceBeadedBejak
Birch	2			back/neck	CapeClothBirch · CapeClothBirchLower
Blade	2			itemB/wrist	Blade · BladeArm
Breasted	2			chest/waist	ShirtDoubleBreasted · ShirtDoubleBreastedLower
Broken	2	部件表	破损	helm	BrokenBone · SkullBoneScalemawBroken
Buckler	2	glossary	小圆盾 Buckler	item	ShieldBucklerBronzeStandard · ShieldBucklerSteelStandard
Bundle	2			back	BundleSticks · BundleStraw
Chain	2	glossary	锁链 Chain	chest	ChainHeavySuperior · ChainMetalHeavy1
Closed	2			helm/item	HelmSteelFullClosed · SpellbookClosed
Coat	2			back/neck	CoatLeatherLower · CoatLeatherUpper
Coif	2			helm	MetalCoif · MetalCoifDirtied
Crossbow	2			item	CrossbowHandStandard · CrossbowHeavyStandard
Dagger	2	glossary	匕首 Dagger	item	DaggerSteelStandard · DaggerSuperior
Dirtied	2			helm	MetalCoifDirtied · MetalLayeredDirtied
Double	2			chest/waist	ShirtDoubleBreasted · ShirtDoubleBreastedLower
Down	2	部件表	向下	neck	HoodClothDown1 · HoodClothDown2
Dress	2			chest	DressClothStola · DressClothStolaSleeveless
Embossed	2			chest/sleeve	JerkinLeatherEmbossed · LeatherEmbossedShort
Empty	2			item/itemB+itemW	BasketWovenEmpty · BowlWoodenEmpty
Ethereal	2	glossary	以太态 Ethereal	neck/sleeve	MantleSilkFlowingEthereal · SilkFlowingEthereal
Eyepatch	2			eyewear	EyepatchLeatherLeft · EyepatchLeatherRight
F	2			front	Flag2F · Flag3F
Feathered	2			neck	FeatheredMantle · MantleFeatheredStrider
Flame	2	glossary	火焰	item/itemB	FlameThrower · SpellSmallFlame
Fungal	2			chest/helm	Fungal · FungalHorns
Fungi	2	部件表	菌类	pauldron	Fungi1 · Fungi2
Furred	2			helm	HatFurredBejak · HoodFurredBejak
Gambeson	2			chest	GambesonPadded · GambesonPaddedReinforced
Gathered	2			waist	BeltClothGathered · TogaClothGathered
Glaive	2	glossary	长柄刀 Glaive	item/itemB	GlaiveMetal1 · GlaiveStandard
Glove	2			sleeve/wrist	GloveClothUpper · GloveLeatherLow
Glow	2			helm/item	HaloGlow · SpellSimpleGlow
Halberd	2	glossary	戟 Halberd	item	HalberdStandard · HalberdSteelShoddy
Headwrap	2			helm	HeadwrapCloth · HeadwrapClothBandaged
Heater	2			item/itemB	ShieldHeaterSteelStandard · ShieldMetalHeater
Horned	2	部件表	有角	helm	HelmSteelFullHorned · HornedSkull
Inspection	2			eyewear	GlassesMetalInspection1 · GlassesMetalInspection2
Intricate	2	部件表	精巧	neck/pauldron	Intricate1 · NecklaceMetalIntricateHeavy
Lion	2			helm	SkullBoneLion · SkullBoneLionMutated
Lit	2			item/itemB	TorchLargeLit · TorchLitPlain
Low	2			chest/wrist	GloveLeatherLow · TopSilkLow
Lumek	2	glossary	卢梅克 Lumek	chest/helm	HelmSteelLumek · PlateHeavyLumek
Maul	2			item	MaulBronzeShoddy · MaulStandard
Morningstar	2	glossary	钉头锤 Morningstar	item	MorningstarSteelStandard · MorningstarSuperior
Nosed	2			helm	HelmSteelNosed · HelmSteelNosedFancy
Oval	2			eyewear/neck	GlassesMetalOval · NecklaceMetalOval
Pauldron	2			pauldron	PauldronBoneWaerd · PauldronScaleOaken
Pouch	2	glossary	小袋	itemW/waist	BeltRopePouch · PouchLeatherRound
Quilted	2			chest+sleeve/waist	PaddedClothQuilted · SkirtClothQuilted
Ragged	2			back/chest	CloakClothRagged · StrapsLeatherRagged
Rays	2			neck/pauldron	ShawlClothHalfRays · ShawlClothRays
Rope	2	glossary	绳索 Rope	waist	BeltRopePouch · BeltRopeSimple
Ropes	2			chest/wrist	RopesBloated · RopesSodden
Sandal	2	部件表	凉鞋	footwear	SandalClothFancy · SandalOpen
Scaled	2	部件表	覆鳞	back/neck	CloakLeatherScaled · MantleLeatherScaled
Scroll	2	glossary	卷轴	item	ScrollRolled · ScrollUnrolled
Shoulders	2			chest/neck	CloakClothShoulders · ShouldersMetalOaken
Spear	2	glossary	矛 Spear	item	SpearSteelStandard · SpearStoneStandard
Spell	2	部件表	施法	item	SpellSimpleGlow · SpellSmallFlame
Starmage	2			helm/neck	HoodStarmage · MantleStarmage
Stola	2			chest	DressClothStola · DressClothStolaSleeveless
Sweeping	2			neck	CloakSweeping · CloakSweepingOrnate
Top	2	glossary	顶部	chest	TopSilkLooped · TopSilkLow
Upper	2	部件表	上部	neck/sleeve	CoatLeatherUpper · GloveClothUpper
Wavy	2			chest/sleeve	ClothPatternedWavyShort · ShirtClothPatternedWavy
Winged	2			helm	HelmSteelWinged · HelmSteelWingedFancy
Woven	2			itemB+itemW	BasketWovenEmpty · BasketWovenPlants
5	1			pauldron	PlateMetalHeavy5
6	1			pauldron	PlateMetalHeavy6
Action	1	glossary	动作	pants	MetalSpikedAction
Alchemist	1	glossary	阿克图里安	helm	MaskLeatherAlchemist
Amulet	1	glossary	护符 Amulet	neck	NecklaceStoneAmulet
Arcturian	1	glossary	阿克图里安 Arcturian	helm	HatArcturian
Arrows	1	glossary	箭矢 Arrows	itemW	QuiverLeatherArrows
Backbones	1			itemB	SpikedBackbones
Backpack	1	glossary	背包 Backpack	back	BackpackLeatherBedroll
Bag	1			item	BagCloth
Bamboo	1			helm	HatBambooRound
Bandaged	1			helm	HeadwrapClothBandaged
Bandolier	1			neck	BandolierLeatherPotions
Basic	1			waist	Basic
Battered	1			helm	MetalBattered
Beads	1			helm	TurbanClothBeadsFancy
Bedroll	1	glossary	铺盖卷 Bedroll	back	BackpackLeatherBedroll
Billowing	1			wrist	SleeveClothBillowing
Bloated	1			wrist	RopesBloated
Blouse	1			chest	BlouseClothNecklace
Bloused	1			waist	TogaClothBloused
Boar	1	glossary	野猪 Boar	helm	HelmSteelBoarFancy
Bony	1			helm	Bony
Book	1	glossary	书籍 Book	itemW	BookLeatherTome
Both	1			pauldron	SuspendersLeatherBoth
Branch	1			item	StaffBranchStandard
Breather	1			helm	MaskLeatherBreather
Brigandine	1	glossary	布面甲 Brigandine	chest	BrigandineFine
Burned	1			wrist	WrapClothBurned
Burnished	1			chest	PlateMetalBurnishedHand
Button	1			neck	ShawlClothButton
Cap	1	glossary	帽	helm	CapClothSun
Capped	1	部件表	覆顶	item	StaffCappedFine
Chained	1			waist	BeltClothChainedFancy
Chains	1			neck	NecklaceMetalChainsHeavy
Circles	1			neck	NecklaceMetalCircles
Circular	1			helm	HatClothCircular
Clay	1			itemB	JugClay
Collared	1			chest	HideHeavyCollared
Cord	1			neck	CordClothDraped
Corpuleth	1	部件表	尸团怪	chest	BreastplateMetalCorpuleth
Crystal	1	glossary	水晶 Crystal	header	Crystal
Crystaline	1			item	HammerCrystaline
Cudgel	1			itemW	ClubBoneCudgel
Cutters	1			item	CuttersSteelStandard
Decorated	1			chest	PlateHeavyDecorated
Default	1			eyes	Default
Dense	1			neck	CollarFurDense
Divided	1			waist	SkirtClothDivided
Domed	1			helm	HelmSteelDomed
Domino	1			helm	HoodDomino
Feathers	1			helm	Feathers
Feline	1			helm	MaskFeline
Flail	1	glossary	链枷 Flail	item	FlailSteelStandard
Flames	1			wrist	BracerClothFlamesFancy
Flanged	1			item	MaceFlangedFine
Flared	1			back	CloakClothFlared
Flat	1			helm	HatClothDrapedFlat
Frilled	1			chest	ShirtSilkFrilled
Goggles	1			eyewear	GogglesLeatherRound
Gothic	1			pole	Gothic
Grain	1			item	BowlWoodenGrain
Greatclub	1	glossary	巨棒 Greatclub	itemB	GreatclubBoneSpiked
Greatsword	1	glossary	巨剑 Greatsword	itemB	GreatswordMetal1
Halo	1			helm	HaloGlow
Hatchet	1			itemW	HatchetMetal1
Hide	1			chest	HideHeavyCollared
Hooked	1			item	StaffHookedStandard
Horns	1	部件表	角	helm	FungalHorns
Inner	1			pauldron	ShoulderFurInner
Jacket	1			chest	JacketLeatherTattered
Javelin	1	glossary	标枪 Javelin	item	JavelinSuperior
Jerkin	1			chest	JerkinLeatherEmbossed
Jug	1	glossary	壶 Jug	itemB	JugClay
Katana	1	glossary	武士刀 Katana	item	KatanaStandard
Kettle	1			helm	HelmSteelKettle
Kite	1			item	ShieldKiteSteelStandard
Laced	1			chest	ShirtClothLaced
Lamp	1	glossary	灯 Lamp	helm	HatMetalMinerLamp
Lantern	1	glossary	提灯 Lantern	item	Lantern
Lizard	1			pauldron	LizardSkull
Longsword	1	glossary	长剑 Longsword	itemB	LongswordMetal1
Looped	1			chest	TopSilkLooped
Lyre	1	glossary	里拉琴 Lyre	itemB	LyreMetalFancy
Mandible	1			pauldron	ArmorBoneMandible
Mandolin	1			itemB	MandolinWoodenFancy
Masculine	1	部件表	阳刚	chest	VestSilkMasculine
Masked	1			helm	HelmOtherhoodMasked
Mining	1			itemB	PickMetalMining
Missile	1			itemB	MissilePod
Mushrooms	1			pauldron	Mushrooms
Mutated	1	部件表	变异	helm	SkullBoneLionMutated
Natural	1			itemB	StaffWoodenNatural
None	1			eyebrows	None
Opaque	1			eyewear	VeilClothTornOpaque
Partial	1			pauldron	FurPartialBejak
Pelt	1			pauldron	PeltFurThick
Plants	1	glossary	植物 Plants	itemB+itemW	BasketWovenPlants
Plated	1	部件表	甲片	chest	BandedMetalPlated
Pod	1			itemB	MissilePod
Point	1	glossary	岬 Point	helm	HatClothDrapedPoint
Pointed	1	部件表	尖端	wrist	BracerMetalPointed
Pole	1			item	HammerPoleSteelFine
Rags	1			chest	ClothRags
Rapier	1	glossary	细剑 Rapier	item	RapierSteelStandard
Resting	1	glossary	休息	eyes	Resting
Rimmed	1			pauldron	FurRimmedBejak
Ring	1	glossary	戒指 Ring	chest	RingMailFine
Rippled	1			waist	SkirtClothRippledFancy
Riveted	1			chest	SplintRiveted
Rod	1			item	RodSteelOrnateFine
Rolled	1			item	ScrollRolled
Ruffled	1			waist	SkirtClothRuffledFancy
Scale	1			pauldron	PauldronScaleOaken
Scalemail	1			chest	ScalemailSuperior
Scalloped	1			pauldron	MetalScallopedLarge
Scythe	1			itemB	ScytheMetal1
Serethus	1	glossary	塞雷苏斯 Serethus	neck	MantleJeweledSerethus
Serrated	1			neck	CollarClothSerrated
Shirts	1			chest	ClothLayeredShirts
Shoe	1			footwear	ShoeClothPlain
Shortsword	1	glossary	短剑 Shortsword	itemB+itemW	ShortswordMetal1
Shovel	1	glossary	铲子 Shovel	item	ShovelSteelShoddy
Skirted	1			waist	Skirted
Sleeveless	1			chest	DressClothStolaSleeveless
Sling	1	glossary	投石索 Sling	item	SlingStandard
Slipper	1			footwear	SlipperClothFancy
Smithing	1	glossary	锻造 Smithing	item	HammerSteelSmithing
Sodden	1	部件表	浸水	chest	RopesSodden
Soft	1	部件表	柔软	back	CloakSoftTrimmedStrider
Spikded	1			helm	HelmSpikdedWaerd
Split	1	glossary	分裂 Split	waist	ShirtClothSplit
Sticks	1	glossary	斯蒂克斯 Sticks	back	BundleSticks
Stitched	1			sleeve	LeatherStitchedShort
Straps	1			chest	StrapsLeatherRagged
Straw	1	部件表	干草	back	BundleStraw
Stripe	1			helm	MaskLeatherDiamondStripe
Sun	1			helm	CapClothSun
Suspenders	1			pauldron	SuspendersLeatherBoth
Tail	1	glossary	尾巴 Tail	helm	HatClothDrapedTail
Tartan	1			neck	TartanClothDraped
Teeth	1			neck	NecklaceBoneTeethSmall
Thick	1	部件表	浓密	pauldron	PeltFurThick
Thrower	1			itemB	FlameThrower
Tied	1			neck	ScarfClothTied
Tome	1	glossary	典籍 Tome	itemW	BookLeatherTome
Toothed	1			item	ClubToothedStandard
Travel	1			helm	HatTravel
Twotailed	1			back	CloakClothTwotailed
Unlit	1			item	TorchUnlitPlain
Unrolled	1			item	ScrollUnrolled
Vigilante	1			eyewear	MaskLeatherVigilante
Wand	1	glossary	魔杖 Wand	item	WandDoomsayer
Whip	1	glossary	长鞭	item	WhipStandard
Wings	1			back	WingsBoneLeatherTattered
Wolf	1			pauldron	ArmorFurWolfFancy
Wood	1	部件表	木材	base	WoodWater
Wrapped	1			footwear	BootClothWrapped
