#序号	章节	中文名	英文曲名	kind	来源标记	ref(new=YouTube id / reuse=VPS路径)	用途
01	一章	神藏主题	Wrath of the Righteous Aeon Theme	reuse	库内	assets/SoG/NPC/%E7%A5%9E%E8%97%8F%E4%B8%BB%E9%A2%98%20-%20Dmitry%20V.%20Silantyev%20-%20Wrath%20Of%20The%20Righteous%20Aeon%20Theme.ogg	神藏 第3周首次来访 p18／第10周建议 p24
02	一章	无脸鬼主题	Pokemon Conquest Poison Battle	reuse	库内	assets/SoG/Book1/15%20%E6%97%A0%E8%84%B8%E9%AC%BC%E4%B8%BB%E9%A2%98%20-%20Pokemon%20Conquest%20-%20Poison%20Battle.ogg	第6周 无面鬼 p21
03	二章	鬼打墙	Okami Cursed Hana Valley	reuse	库内	assets/SoG/Book1/13%20%E9%AC%BC%E6%89%93%E5%A2%99%20-%20%5BOkami%5D%20-%20Cursed%20Hana%20Valley%20(HD).ogg	穿过鬼打墙 p29 进入段
04	二章	穿透鬼打墙／食心秃鹫	Face What I Truly Am! - Black Myth Wukong	new	替补	yg9QKOXz5xs	A1-A3 与食心秃鹫战 p31-32
05	二章	苦迦菩提前奏	Drakengard OST - Chapter XIII ~ Closing	new	复原	Y8dObNK8w4c	种下魂种 p32 触发苦迦菩提的愤怒危害
06	二章	朝圣之径	WoW Krasarang Wilds B	reuse	库内	assets/SoG/Pandaria(looped%2Cspecific-vibe)/%E6%9C%9D%E5%9C%A3%E4%B9%8B%E5%BE%84%20-%20WoW%20-%20Krasarang%20Wilds%20B.ogg	朝圣之径行军床垫 p33
07	二章	朝圣之径氛围	Pilgrimage - Spirit Blossom Beyond	new	替补	Dc9vSeaz1bY	朝圣之径行军床垫（另一色）
08	二章	伊奥加卡主题	Okami OST - Ushiwaka's Dance	new	原曲	60FJDw9qcFk	第一日 B1 受折磨的河童 p35
09	二章	朝圣之径绝境遭遇	Take Your Shot - Wizard With A Gun	new	原曲	iskWIqerFoU	三日中的硬仗
10	二章	朝圣之径恶灵	Even Pests Plague Our Path - Black Myth Wukong	new	替补	griEn3Wx9QQ	第三日 D1 雾中之声／D2 林中低语 p41
11	二章	朝圣之径-寺院	WoW Temple of the Jade Serpent	reuse	库内	assets/SoG/Pandaria(looped%2Cspecific-vibe)/%E6%9C%9D%E5%9C%A3%E4%B9%8B%E5%BE%84-%E5%AF%BA%E9%99%A2%20-%20WoW%20-%20Temple%20of%20the%20Jade%20Serpent.ogg	最终日 抵近谭杉寺 p43
12	三章	谭杉寺	FFXIV OST - Pharos Sirius Upon the Rocks	new	原曲	tunBN-ZMnzs	谭杉寺 E1-E16 探索 p45
13	三章	谭杉寺悬疑	A Looming Presence	reuse	库内	assets/SoG/Suspense/%E8%B0%AD%E6%9D%89%E5%AF%BA%E6%82%AC%E7%96%91%20-%20A%20Looming%20Presence.ogg	谭杉寺潜行／悬疑段
14	三章	苦迦菩提武僧	Smoke Rises High - Black Myth Wukong	new	社区	fcbXpUAXCG8	苦迦菩提武僧遭遇
15	三章	苦迦菩提武僧（激烈）	Black Cloud Red Fire - Black Myth Wukong	new	社区	o9z2Co2AhzM	苦迦菩提武僧 高强度段
16	三章	苦迦菩提系遭遇	The Last Crow - Black Myth Wukong	new	社区	ATjo7WPbM68	通用苦迦菩提相关遭遇
17	三章	智惠主题	Great Fairys Fountain Theme	reuse	库内	assets/SoG/NPC/%E6%99%BA%E6%83%A0%E4%B8%BB%E9%A2%98%20-%20The%20Recording%20of%20The%20Legend%20of%20Zelda%2025th%20Anniversary%20Orchestra%20CD%20-%20Great%20Fairys%20Fountain%20Theme.ogg	智惠现身／净化圣祠 p45-46
18	三章	智惠对话	Nine Sols OST - Last Man Standing	new	社区	UC2vQVnlNDs	智惠揭穿时间循环心景的长谈
19	三章	转生	Outer Wilds The Ancient Glade	reuse	库内	assets/SoG/Special%20Scenes/%E8%BD%AC%E7%94%9F%20-%20Outer%20Wilds%20-%20The%20Ancient%20Glade.ogg	转生侧栏 p55／生死流转 p69
20	三章	心月（第一阶段）	Persona 3 - Battle For Everyone's Souls 和风版	new	原曲	loJuXmDh0N4	E16 苦迦菩提之墓 心月首阶段 p59
21	三章	心月（第二阶段）	Hollow Knight - Sisters of Battle	new	原曲	4yxgEsS8ogM	心月次阶段（索闹形态）
22	三章	心月第一阶段（备选）	Nine Sols OST - No Turning Back	new	社区	enMxXr2N9Zk	lilithilu 方案
23	三章	心月第二阶段（备选）	Nine Sols OST - Ballad of Warriors Jiequans Theme	new	社区	i68rejaljvI	lilithilu 方案
24	三章	心月（备选）	Two Hundred And Seventy Years In Vain - Black Myth Wukong	new	社区	H_VSHHQPruw	Auroroth 方案
25	三章	英雄揭示	Okami OST - Ryoshima Plains	new	原曲	UsnJRyTlFb0	胜利／揭示时刻 收尾 p61
26	通用	险径探索	Perilous Path - Black Myth Wukong	new	社区	4KkBqavqE2g	通用紧张探索
27	通用	山行	Mount Huaguo - Black Myth Wukong	new	社区	ytFklRPN9w0	通用行进
28	通用	战鼓	Sun Quan The Emperor Guzheng and Drum Ver	new	社区	IxM1tjTvFAc	通用战斗（古筝＋鼓）
29	通用	夜幕	Japanese Music - Nightfall	new	社区	d1h9jWTFN_U	通用夜间氛围
