01	穿透鬼打墙／食心秃鹫	Face What I Truly Am! - Black Myth Wukong	yg9QKOXz5xs	替补	Ch2 A1-A3 穿过鬼打墙／A3 夺魂者巢穴（食心秃鹫）；原链接 bniffIOGNgI 已删除且无任何存档
02	苦迦菩提前奏	Drakengard OST - Chapter XIII ~ Closing	Y8dObNK8w4c	复原	带心脏的树危害（苦迦菩提之树）；原链接 NkYejDiG9xg 转私密，经 Wayback 反推曲名后取官方 Topic 频道同长度版本
03	朝圣之径氛围	Pilgrimage - Spirit Blossom Beyond	Dc9vSeaz1bY	替补	Ch2 朝圣之径行军床垫；原链接 qmESLRxus14 已删除无存档；社区 Una 同用途推荐
04	朝圣之径绝境遭遇	Take Your Shot - Wizard With A Gun	iskWIqerFoU	原曲	Ch2 B/C/D 三日中的硬仗
05	朝圣之径恶灵	Even Pests Plague Our Path - Black Myth Wukong	griEn3Wx9QQ	替补	D1 雾中之声／D2 林中低语；原链接 qBaele3z2lU 已删除，存档快照为空页
06	伊奥加卡主题	Okami OST - Ushiwaka's Dance	60FJDw9qcFk	原曲	B1 受折磨的河童（暴风妖婆伊奥加卡）与湖上袭击
07	谭杉寺	FFXIV OST - Pharos Sirius Upon the Rocks	tunBN-ZMnzs	原曲	Ch3 谭杉寺 E1-E16 探索
08	心月（第一阶段）	Persona 3 - Battle For Everyone's Souls 和风版	loJuXmDh0N4	原曲	E16 苦迦菩提之墓 心月首阶段
09	心月（第二阶段）	Hollow Knight - Sisters of Battle	4yxgEsS8ogM	原曲	心月次阶段（索闹形态）
10	英雄揭示	Okami OST - Ryoshima Plains	UsnJRyTlFb0	原曲	胜利／揭示时刻
11	智惠对话	Nine Sols OST - Last Man Standing	UC2vQVnlNDs	社区	智惠揭穿时间循环心景的长谈（lilithilu 指定）
12	心月第一阶段（备选）	Nine Sols OST - No Turning Back	enMxXr2N9Zk	社区	lilithilu 指定
13	心月第二阶段（备选）	Nine Sols OST - Ballad of Warriors Jiequans Theme	i68rejaljvI	社区	lilithilu 指定
14	苦迦菩提系遭遇	The Last Crow - Black Myth Wukong	ATjo7WPbM68	社区	Auroroth 指定：所有苦迦菩提相关遭遇
15	心月（备选）	Two Hundred And Seventy Years In Vain - Black Myth Wukong	H_VSHHQPruw	社区	Auroroth 指定给心月
16	苦迦菩提武僧	Smoke Rises High - Black Myth Wukong	fcbXpUAXCG8	社区	Auroroth 指定：苦迦菩提武僧
17	苦迦菩提武僧（激烈）	Black Cloud Red Fire - Black Myth Wukong	o9z2Co2AhzM	社区	Auroroth 指定：苦迦菩提武僧
18	险径探索	Perilous Path - Black Myth Wukong	4KkBqavqE2g	社区	通用紧张探索
19	山行	Mount Huaguo - Black Myth Wukong	ytFklRPN9w0	社区	通用行进
20	战鼓	Sun Quan The Emperor Guzheng and Drum Ver	IxM1tjTvFAc	社区	通用战斗（古筝＋鼓）
21	夜幕	Japanese Music - Nightfall	d1h9jWTFN_U	社区	通用夜间氛围
